"1";"CAMBRIDGE";"CB1";"2"
"2";"CAMBRIDGE";"CB2";"2"
"3";"CAMBRIDGE";"CB3";"2"
"4";"CAMBRIDGE";"CB4";"2"
"5";"CAMBRIDGE";"CB5";"2"
"6";"ELY";"CB6";"2"
"7";"ELY";"CB7";"2"
"8";"PETERBOROUGH";"PE1";"2"
"9";"WISBECH";"PE13";"2"
"10";"WISBECH";"PE14";"2"
"11";"MARCH";"PE15";"2"
"12";"CHATTERIS";"PE16";"2"
"13";"ST NEOTS";"PE19";"2"
"14";"PETERBOROUGH";"PE2";"2"
"15";"HUNTINGDON";"PE26";"2"
"16";"ST IVES";"PE27";"2"
"17";"HUNTINGDON";"PE28";"2"
"18";"HUNTINGDON";"PE29";"2"
"19";"PETERBOROUGH";"PE3";"2"
"20";"PETERBOROUGH";"PE4";"2"
"21";"PETERBOROUGH";"PE5";"2"
"22";"PETERBOROUGH";"PE6";"2"
"23";"PETERBOROUGH";"PE7";"2"
"24";"PETERBOROUGH";"PE8";"2"
"25";"HARLESTON";"IP20";"3"
"26";"DISS";"IP21";"3"
"27";"DISS";"IP22";"3"
"28";"THETFORD";"IP24";"3"
"29";"THETFORD";"IP25";"3"
"30";"THETFORD";"IP26";"3"
"31";"DISS";"IP98";"3"
"32";"NORWICH";"NR1";"3"
"33";"NORWICH";"NR10";"3"
"34";"NORWICH";"NR11";"3"
"35";"NORWICH";"NR12";"3"
"36";"NORWICH";"NR13";"3"
"37";"NORWICH";"NR14";"3"
"38";"NORWICH";"NR15";"3"
"39";"NORWICH";"NR16";"3"
"40";"ATTLEBOROUGH";"NR17";"3"
"41";"WYMONDHAM";"NR18";"3"
"42";"DEREHAM";"NR19";"3"
"43";"NORWICH";"NR2";"3"
"44";"DEREHAM";"NR20";"3"
"45";"FAKENHAM";"NR21";"3"
"46";"WALSINGHAM";"NR22";"3"
"47";"WELLS-NEXT-THE-SEA";"NR23";"3"
"48";"MELTON CONSTABLE";"NR24";"3"
"49";"HOLT";"NR25";"3"
"50";"SHERINGHAM";"NR26";"3"
"51";"CROMER";"NR27";"3"
"52";"NORTH WALSHAM";"NR28";"3"
"53";"GREAT YARMOUTH";"NR29";"3"
"54";"NORWICH";"NR3";"3"
"55";"GREAT YARMOUTH";"NR30";"3"
"56";"GREAT YARMOUTH";"NR31";"3"
"57";"NORWICH";"NR4";"3"
"58";"NORWICH";"NR5";"3"
"59";"NORWICH";"NR6";"3"
"60";"NORWICH";"NR7";"3"
"61";"NORWICH";"NR8";"3"
"62";"NORWICH";"NR9";"3"
"63";"KING S LYNN";"PE30";"3"
"64";"KING S LYNN";"PE31";"3"
"65";"KING S LYNN";"PE32";"3"
"66";"KING S LYNN";"PE33";"3"
"67";"KING S LYNN";"PE34";"3"
"68";"SANDRINGHAM";"PE35";"3"
"69";"HUNSTANTON";"PE36";"3"
"70";"SWAFFHAM";"PE37";"3"
"71";"DOWNHAM MARKET";"PE38";"3"
"72";"NEWMARKET";"CB8";"4"
"73";"HAVERHILL";"CB9";"4"
"74";"SUDBURY";"CO10";"4"
"75";"BURES";"CO8";"4"
"76";"IPSWICH";"IP1";"4"
"77";"IPSWICH";"IP10";"4"
"78";"FELIXSTOWE";"IP11";"4"
"79";"WOODBRIDGE";"IP12";"4"
"80";"WOODBRIDGE";"IP13";"4"
"81";"STOWMARKET";"IP14";"4"
"82";"ALDEBURGH";"IP15";"4"
"83";"LEISTON";"IP16";"4"
"84";"SAXMUNDHAM";"IP17";"4"
"85";"SOUTHWOLD";"IP18";"4"
"86";"HALESWORTH";"IP19";"4"
"87";"IPSWICH";"IP2";"4"
"88";"EYE";"IP21";"4"
"89";"EYE";"IP23";"4"
"90";"BRANDON";"IP27";"4"
"91";"BURY ST EDMUNDS";"IP28";"4"
"92";"BURY ST EDMUNDS";"IP29";"4"
"93";"IPSWICH";"IP3";"4"
"94";"BURY ST EDMUNDS";"IP30";"4"
"95";"BURY ST EDMUNDS";"IP31";"4"
"96";"BURY ST EDMUNDS";"IP32";"4"
"97";"BURY ST EDMUNDS";"IP33";"4"
"98";"IPSWICH";"IP4";"4"
"99";"IPSWICH";"IP5";"4"
"100";"IPSWICH";"IP6";"4"
"101";"IPSWICH";"IP7";"4"
"102";"IPSWICH";"IP8";"4"
"103";"IPSWICH";"IP9";"4"
"104";"LOWESTOFT";"NR32";"4"
"105";"LOWESTOFT";"NR33";"4"
"106";"BECCLES";"NR34";"4"
"107";"BUNGAY";"NR35";"4"
"108";"DERBY";"DE1";"5"
"109";"SWADLINCOTE";"DE11";"5"
"110";"SWADLINCOTE";"DE12";"5"
"111";"DERBY";"DE21";"5"
"112";"DERBY";"DE22";"5"
"113";"DERBY";"DE23";"5"
"114";"DERBY";"DE24";"5"
"115";"DERBY";"DE3";"5"
"116";"MATLOCK";"DE4";"5"
"117";"BAKEWELL";"DE45";"5"
"118";"RIPLEY";"DE5";"5"
"119";"ALFRETON";"DE55";"5"
"120";"BELPER";"DE56";"5"
"121";"ASHBOURNE";"DE6";"5"
"122";"DERBY";"DE65";"5"
"123";"ILKESTON";"DE7";"5"
"124";"DERBY";"DE72";"5"
"125";"DERBY";"DE73";"5"
"126";"DERBY";"DE74";"5"
"127";"HEANOR";"DE75";"5"
"128";"DERBY";"DE99";"5"
"129";"DRONFIELD";"S18";"5"
"130";"HOPE VALLEY";"S32";"5"
"131";"HOPE VALLEY";"S33";"5"
"132";"CHESTERFIELD";"S40";"5"
"133";"CHESTERFIELD";"S41";"5"
"134";"CHESTERFIELD";"S42";"5"
"135";"CHESTERFIELD";"S43";"5"
"136";"CHESTERFIELD";"S44";"5"
"137";"CHESTERFIELD";"S45";"5"
"138";"CHESTERFIELD";"S49";"5"
"139";"GLOSSOP";"SK13";"5"
"140";"BUXTON";"SK17";"5"
"141";"HIGH PEAK";"SK22";"5"
"142";"HIGH PEAK";"SK23";"5"
"143";"LEICESTER";"LE1";"6"
"144";"HINCKLEY";"LE10";"6"
"145";"LOUGHBOROUGH";"LE11";"6"
"146";"LOUGHBOROUGH";"LE12";"6"
"147";"MELTON MOWBRAY";"LE13";"6"
"148";"MELTON MOWBRAY";"LE14";"6"
"149";"OAKHAM";"LE15";"6"
"150";"MARKET HARBOROUGH";"LE16";"6"
"151";"LUTTERWORTH";"LE17";"6"
"152";"WIGSTON";"LE18";"6"
"153";"LEICESTER";"LE2";"6"
"154";"LEICESTER";"LE3";"6"
"155";"LEICESTER";"LE4";"6"
"156";"LEICESTER";"LE5";"6"
"157";"LEICESTER";"LE55";"6"
"158";"LEICESTER";"LE6";"6"
"159";"ASHBY-DE-LA-ZOUCH";"LE65";"6"
"160";"COALVILLE";"LE67";"6"
"161";"IBSTOCK";"LE67";"6"
"162";"MARKFIELD";"LE67";"6"
"163";"LEICESTER";"LE7";"6"
"164";"LEICESTER";"LE8";"6"
"165";"LEICESTER";"LE87";"6"
"166";"LEICESTER";"LE9";"6"
"167";"LEICESTER";"LE94";"6"
"168";"LEICESTER";"LE95";"6"
"169";"SCUNTHORPE";"DN15";"7"
"170";"SCUNTHORPE";"DN16";"7"
"171";"SCUNTHORPE";"DN17";"7"
"172";"BARROW-UPON-HUMBER";"DN18";"7"
"173";"BARROW-UPON-HUMBER";"DN19";"7"
"174";"BRIGG";"DN20";"7"
"175";"GAINSBOROUGH";"DN21";"7"
"176";"GRIMSBY";"DN31";"7"
"177";"GRIMSBY";"DN32";"7"
"178";"GRIMSBY";"DN33";"7"
"179";"GRIMSBY";"DN34";"7"
"180";"CLEETHORPES";"DN35";"7"
"181";"GRIMSBY";"DN36";"7"
"182";"GRIMSBY";"DN37";"7"
"183";"BARNETBY";"DN38";"7"
"184";"ULCEBY";"DN39";"7"
"185";"IMMINGHAM";"DN40";"7"
"186";"GRIMSBY";"DN41";"7"
"187";"LINCOLN";"LN1";"7"
"188";"WOODHALL SPA";"LN10";"7"
"189";"LOUTH";"LN11";"7"
"190";"MABLETHORPE";"LN12";"7"
"191";"ALFORD";"LN13";"7"
"192";"LINCOLN";"LN2";"7"
"193";"LINCOLN";"LN3";"7"
"194";"LINCOLN";"LN4";"7"
"195";"LINCOLN";"LN5";"7"
"196";"LINCOLN";"LN6";"7"
"197";"MARKET RASEN";"LN7";"7"
"198";"MARKET RASEN";"LN8";"7"
"199";"HORNCASTLE";"LN9";"7"
"200";"GRANTHAM";"NG31";"7"
"201";"GRANTHAM";"NG32";"7"
"202";"GRANTHAM";"NG33";"7"
"203";"SLEAFORD";"NG34";"7"
"204";"BOURNE";"PE10";"7"
"205";"SPALDING";"PE11";"7"
"206";"SPALDING";"PE12";"7"
"207";"BOSTON";"PE20";"7"
"208";"BOSTON";"PE21";"7"
"209";"BOSTON";"PE22";"7"
"210";"SPILSBY";"PE23";"7"
"211";"SKEGNESS";"PE24";"7"
"212";"SKEGNESS";"PE25";"7"
"213";"STAMFORD";"PE9";"7"
"214";"NORTHAMPTON";"NN1";"8"
"215";"RUSHDEN";"NN10";"8"
"216";"DAVENTRY";"NN11";"8"
"217";"TOWCESTER";"NN12";"8"
"218";"BRACKLEY";"NN13";"8"
"219";"KETTERING";"NN14";"8"
"220";"KETTERING";"NN15";"8"
"221";"KETTERING";"NN16";"8"
"222";"CORBY";"NN17";"8"
"223";"CORBY";"NN18";"8"
"224";"NORTHAMPTON";"NN2";"8"
"225";"WELLINGBOROUGH";"NN29";"8"
"226";"NORTHAMPTON";"NN3";"8"
"227";"NORTHAMPTON";"NN4";"8"
"228";"NORTHAMPTON";"NN5";"8"
"229";"NORTHAMPTON";"NN6";"8"
"230";"NORTHAMPTON";"NN7";"8"
"231";"WELLINGBOROUGH";"NN8";"8"
"232";"WELLINGBOROUGH";"NN9";"8"
"233";"RETFORD";"DN22";"9"
"234";"NOTTINGHAM";"NG1";"9"
"235";"NOTTINGHAM";"NG10";"9"
"236";"NOTTINGHAM";"NG11";"9"
"237";"NOTTINGHAM";"NG12";"9"
"238";"NOTTINGHAM";"NG13";"9"
"239";"NOTTINGHAM";"NG14";"9"
"240";"NOTTINGHAM";"NG15";"9"
"241";"NOTTINGHAM";"NG16";"9"
"242";"NOTTINGHAM";"NG17";"9"
"243";"SUTTON-IN-ASHFIELD";"NG17";"9"
"244";"MANSFIELD";"NG18";"9"
"245";"MANSFIELD";"NG19";"9"
"246";"NOTTINGHAM";"NG2";"9"
"247";"MANSFIELD";"NG20";"9"
"248";"MANSFIELD";"NG21";"9"
"249";"NEWARK";"NG22";"9"
"250";"NEWARK";"NG23";"9"
"251";"NEWARK";"NG24";"9"
"252";"SOUTHWELL";"NG25";"9"
"253";"NOTTINGHAM";"NG3";"9"
"254";"NOTTINGHAM";"NG4";"9"
"255";"NOTTINGHAM";"NG5";"9"
"256";"NOTTINGHAM";"NG6";"9"
"257";"NOTTINGHAM";"NG7";"9"
"258";"MANSFIELD";"NG70";"9"
"259";"NOTTINGHAM";"NG8";"9"
"260";"NOTTINGHAM";"NG9";"9"
"261";"NOTTINGHAM";"NG90";"9"
"262";"WORKSOP";"S80";"9"
"263";"WORKSOP";"S81";"9"
"264";"LONDON (E)";"E1";"11"
"265";"LONDON (E)";"E10";"11"
"266";"LONDON (E)";"E11";"11"
"267";"LONDON (E)";"E12";"11"
"268";"LONDON (E)";"E13";"11"
"269";"LONDON (E)";"E14";"11"
"270";"LONDON (E)";"E15";"11"
"271";"LONDON (E)";"E16";"11"
"272";"LONDON (E)";"E17";"11"
"273";"LONDON (E)";"E18";"11"
"274";"LONDON (E)";"E1W";"11"
"275";"LONDON (E)";"E2";"11"
"276";"LONDON (E)";"E3";"11"
"277";"LONDON (E)";"E4";"11"
"278";"LONDON (E)";"E5";"11"
"279";"LONDON (E)";"E6";"11"
"280";"LONDON (E)";"E7";"11"
"281";"LONDON (E)";"E77";"11"
"282";"LONDON (E)";"E8";"11"
"283";"LONDON (E)";"E9";"11"
"284";"LONDON (E)";"E98";"11"
"285";"LONDON (EC)";"EC1A";"10"
"286";"LONDON (EC)";"EC1M";"10"
"287";"LONDON (EC)";"EC1N";"10"
"288";"LONDON (EC)";"EC1P";"10"
"289";"LONDON (EC)";"EC1R";"10"
"290";"LONDON (EC)";"EC1V";"10"
"291";"LONDON (EC)";"EC1Y";"10"
"292";"LONDON (EC)";"EC2A";"10"
"293";"LONDON (EC)";"EC2M";"10"
"294";"LONDON (EC)";"EC2N";"10"
"295";"LONDON (EC)";"EC2P";"10"
"296";"LONDON (EC)";"EC2R";"10"
"297";"LONDON (EC)";"EC2V";"10"
"298";"LONDON (EC)";"EC2Y";"10"
"299";"LONDON (EC)";"EC3A";"10"
"300";"LONDON (EC)";"EC3M";"10"
"301";"LONDON (EC)";"EC3N";"10"
"302";"LONDON (EC)";"EC3P";"10"
"303";"LONDON (EC)";"EC3R";"10"
"304";"LONDON (EC)";"EC3V";"10"
"305";"LONDON (EC)";"EC4A";"10"
"306";"LONDON (EC)";"EC4M";"10"
"307";"LONDON (EC)";"EC4N";"10"
"308";"LONDON (EC)";"EC4P";"10"
"309";"LONDON (EC)";"EC4R";"10"
"310";"LONDON (EC)";"EC4V";"10"
"311";"LONDON (EC)";"EC4Y";"10"
"312";"LONDON (EC)";"EC50";"10"
"313";"LONDON (EC)";"EC88";"10"
"314";"LONDON (N)";"N1";"12"
"315";"LONDON (N)";"N10";"12"
"316";"LONDON (N)";"N11";"12"
"317";"LONDON (N)";"N12";"12"
"318";"LONDON (N)";"N13";"12"
"319";"LONDON (N)";"N14";"12"
"320";"LONDON (N)";"N15";"12"
"321";"LONDON (N)";"N16";"12"
"322";"LONDON (N)";"N17";"12"
"323";"LONDON (N)";"N18";"12"
"324";"LONDON (N)";"N19";"12"
"325";"LONDON (N)";"N2";"12"
"326";"LONDON (N)";"N20";"12"
"327";"LONDON (N)";"N21";"12"
"328";"LONDON (N)";"N22";"12"
"329";"LONDON (N)";"N3";"12"
"330";"LONDON (N)";"N4";"12"
"331";"LONDON (N)";"N5";"12"
"332";"LONDON (N)";"N6";"12"
"333";"LONDON (N)";"N7";"12"
"334";"LONDON (N)";"N8";"12"
"335";"LONDON (N)";"N9";"12"
"336";"LONDON (NW)";"NW";"13"
"337";"LONDON (NW)";"NW1";"13"
"338";"LONDON (NW)";"NW10";"13"
"339";"LONDON (NW)";"NW11";"13"
"340";"LONDON (NW)";"NW2";"13"
"341";"LONDON (NW)";"NW3";"13"
"342";"LONDON (NW)";"NW4";"13"
"343";"LONDON (NW)";"NW5";"13"
"344";"LONDON (NW)";"NW6";"13"
"345";"LONDON (NW)";"NW7";"13"
"346";"LONDON (NW)";"NW8";"13"
"347";"LONDON (NW)";"NW9";"13"
"348";"LONDON (SE)";"SE1";"15"
"349";"LONDON (SE)";"SE10";"15"
"350";"LONDON (SE)";"SE11";"15"
"351";"LONDON (SE)";"SE12";"15"
"352";"LONDON (SE)";"SE13";"15"
"353";"LONDON (SE)";"SE14";"15"
"354";"LONDON (SE)";"SE15";"15"
"355";"LONDON (SE)";"SE16";"15"
"356";"LONDON (SE)";"SE17";"15"
"357";"LONDON (SE)";"SE18";"15"
"358";"LONDON (SE)";"SE19";"15"
"359";"LONDON (SE)";"SE2";"15"
"360";"LONDON (SE)";"SE20";"15"
"361";"LONDON (SE)";"SE21";"15"
"362";"LONDON (SE)";"SE22";"15"
"363";"LONDON (SE)";"SE23";"15"
"364";"LONDON (SE)";"SE24";"15"
"365";"LONDON (SE)";"SE25";"15"
"366";"LONDON (SE)";"SE26";"15"
"367";"LONDON (SE)";"SE27";"15"
"368";"LONDON (SE)";"SE28";"15"
"369";"LONDON (SE)";"SE3";"15"
"370";"LONDON (SE)";"SE4";"15"
"371";"LONDON (SE)";"SE5";"15"
"372";"LONDON (SE)";"SE6";"15"
"373";"LONDON (SE)";"SE7";"15"
"374";"LONDON (SE)";"SE8";"15"
"375";"LONDON (SE)";"SE9";"15"
"376";"LONDON (SW)";"SW10";"16"
"377";"LONDON (SW)";"SW11";"16"
"378";"LONDON (SW)";"SW12";"16"
"379";"LONDON (SW)";"SW13";"16"
"380";"LONDON (SW)";"SW14";"16"
"381";"LONDON (SW)";"SW15";"16"
"382";"LONDON (SW)";"SW16";"16"
"383";"LONDON (SW)";"SW17";"16"
"384";"LONDON (SW)";"SW18";"16"
"385";"LONDON (SW)";"SW19";"16"
"386";"LONDON (SW)";"SW1A";"16"
"387";"LONDON (SW)";"SW1E";"16"
"388";"LONDON (SW)";"SW1H";"16"
"389";"LONDON (SW)";"SW1P";"16"
"390";"LONDON (SW)";"SW1V";"16"
"391";"LONDON (SW)";"SW1W";"16"
"392";"LONDON (SW)";"SW1X";"16"
"393";"LONDON (SW)";"SW1Y";"16"
"394";"LONDON (SW)";"SW2";"16"
"395";"LONDON (SW)";"SW20";"16"
"396";"LONDON (SW)";"SW3";"16"
"397";"LONDON (SW)";"SW4";"16"
"398";"LONDON (SW)";"SW5";"16"
"399";"LONDON (SW)";"SW6";"16"
"400";"LONDON (SW)";"SW7";"16"
"401";"LONDON (SW)";"SW8";"16"
"402";"LONDON (SW)";"SW9";"16"
"403";"LONDON (SW)";"SW99";"16"
"404";"LONDON (W)";"W10";"17"
"405";"LONDON (W)";"W11";"17"
"406";"LONDON (W)";"W12";"17"
"407";"LONDON (W)";"W13";"17"
"408";"LONDON (W)";"W14";"17"
"409";"LONDON (W)";"W1A";"17"
"410";"LONDON (W)";"W1B";"17"
"411";"LONDON (W)";"W1C";"17"
"412";"LONDON (W)";"W1D";"17"
"413";"LONDON (W)";"W1F";"17"
"414";"LONDON (W)";"W1G";"17"
"415";"LONDON (W)";"W1H";"17"
"416";"LONDON (W)";"W1J";"17"
"417";"LONDON (W)";"W1K";"17"
"418";"LONDON (W)";"W1S";"17"
"419";"LONDON (W)";"W1T";"17"
"420";"LONDON (W)";"W1U";"17"
"421";"LONDON (W)";"W1W";"17"
"422";"LONDON (W)";"W2";"17"
"423";"LONDON (W)";"W3";"17"
"424";"LONDON (W)";"W4";"17"
"425";"LONDON (W)";"W5";"17"
"426";"LONDON (W)";"W6";"17"
"427";"LONDON (W)";"W7";"17"
"428";"LONDON (W)";"W8";"17"
"429";"LONDON (W)";"W9";"17"
"430";"LONDON (WC)";"WC1A";"14"
"431";"LONDON (WC)";"WC1B";"14"
"432";"LONDON (WC)";"WC1E";"14"
"433";"LONDON (WC)";"WC1H";"14"
"434";"LONDON (WC)";"WC1N";"14"
"435";"LONDON (WC)";"WC1R";"14"
"436";"LONDON (WC)";"WC1V";"14"
"437";"LONDON (WC)";"WC1X";"14"
"438";"LONDON (WC)";"WC2A";"14"
"439";"LONDON (WC)";"WC2B";"14"
"440";"LONDON (WC)";"WC2E";"14"
"441";"LONDON (WC)";"WC2H";"14"
"442";"LONDON (WC)";"WC2N";"14"
"443";"LONDON (WC)";"WC2R";"14"
"444";"LONDON (WC)";"WC99";"14"
"445";"BROMSGROVE";"B60";"18"
"446";"BROMSGROVE";"B61";"18"
"447";"REDDITCH";"B96";"18"
"448";"REDDITCH";"B97";"18"
"449";"REDDITCH";"B98";"18"
"450";"KIDDERMINSTER";"DY10";"18"
"451";"KIDDERMINSTER";"DY11";"18"
"452";"BEWDLEY";"DY12";"18"
"453";"STOURPORT-ON-SEVERN";"DY13";"18"
"454";"KIDDERMINSTER";"DY14";"18"
"455";"HEREFORD";"HR1";"18"
"456";"HEREFORD";"HR2";"18"
"457";"HEREFORD";"HR3";"18"
"458";"HEREFORD";"HR4";"18"
"459";"KINGTON";"HR5";"18"
"460";"LEOMINSTER";"HR6";"18"
"461";"BROMYARD";"HR7";"18"
"462";"LEDBURY";"HR8";"18"
"463";"ROSS-ON-WYE";"HR9";"18"
"464";"WORCESTER";"WR1";"18"
"465";"PERSHORE";"WR10";"18"
"466";"EVESHAM";"WR11";"18"
"467";"BROADWAY";"WR12";"18"
"468";"MALVERN";"WR13";"18"
"469";"MALVERN";"WR14";"18"
"470";"TENBURY WELLS";"WR15";"18"
"471";"WORCESTER";"WR2";"18"
"472";"WORCESTER";"WR3";"18"
"473";"WORCESTER";"WR4";"18"
"474";"WORCESTER";"WR5";"18"
"475";"WORCESTER";"WR6";"18"
"476";"WORCESTER";"WR7";"18"
"477";"WORCESTER";"WR78";"18"
"478";"WORCESTER";"WR8";"18"
"479";"DROITWICH";"WR9";"18"
"480";"WORCESTER";"WR99";"18"
"481";"SHREWSBURY";"SY1";"19"
"482";"OSWESTRY";"SY10";"19"
"483";"OSWESTRY";"SY11";"19"
"484";"ELLESMERE";"SY12";"19"
"485";"WHITCHURCH";"SY13";"19"
"486";"SHREWSBURY";"SY2";"19"
"487";"SHREWSBURY";"SY3";"19"
"488";"SHREWSBURY";"SY4";"19"
"489";"SHREWSBURY";"SY5";"19"
"490";"CHURCH STRETTON";"SY6";"19"
"491";"BUCKNELL";"SY7";"19"
"492";"CRAVEN ARMS";"SY7";"19"
"493";"LYDBURY NORTH";"SY7";"19"
"494";"LUDLOW";"SY8";"19"
"495";"BISHOPS CASTLE";"SY9";"19"
"496";"TELFORD";"TF1";"19"
"497";"NEWPORT";"TF10";"19"
"498";"SHIFNAL";"TF11";"19"
"499";"BROSELEY";"TF12";"19"
"500";"MUCH WENLOCK";"TF13";"19"
"501";"TELFORD";"TF2";"19"
"502";"TELFORD";"TF3";"19"
"503";"TELFORD";"TF4";"19"
"504";"TELFORD";"TF5";"19"
"505";"TELFORD";"TF6";"19"
"506";"TELFORD";"TF7";"19"
"507";"TELFORD";"TF8";"19"
"508";"MARKET DRAYTON";"TF9";"19"
"509";"BRIDGNORTH";"WV15";"19"
"510";"BRIDGNORTH";"WV16";"19"
"511";"TAMWORTH";"B77";"20"
"512";"TAMWORTH";"B78";"20"
"513";"TAMWORTH";"B79";"20"
"514";"BURTON-ON-TRENT";"DE13";"20"
"515";"BURTON-ON-TRENT";"DE14";"20"
"516";"BURTON-ON-TRENT";"DE15";"20"
"517";"STOKE-ON-TRENT";"ST1";"20"
"518";"STOKE-ON-TRENT";"ST10";"20"
"519";"STOKE-ON-TRENT";"ST11";"20"
"520";"STOKE-ON-TRENT";"ST12";"20"
"521";"LEEK";"ST13";"20"
"522";"UTTOXETER";"ST14";"20"
"523";"STONE";"ST15";"20"
"524";"STAFFORD";"ST16";"20"
"525";"STAFFORD";"ST17";"20"
"526";"STAFFORD";"ST18";"20"
"527";"STAFFORD";"ST19";"20"
"528";"STOKE-ON-TRENT";"ST2";"20"
"529";"STAFFORD";"ST20";"20"
"530";"STAFFORD";"ST21";"20"
"531";"STOKE-ON-TRENT";"ST3";"20"
"532";"STOKE-ON-TRENT";"ST4";"20"
"533";"NEWCASTLE";"ST5";"20"
"534";"STOKE-ON-TRENT";"ST6";"20"
"535";"STOKE-ON-TRENT";"ST7";"20"
"536";"STOKE-ON-TRENT";"ST8";"20"
"537";"STOKE-ON-TRENT";"ST9";"20"
"538";"CANNOCK";"WS11";"20"
"539";"CANNOCK";"WS12";"20"
"540";"LICHFIELD";"WS13";"20"
"541";"LICHFIELD";"WS14";"20"
"542";"RUGELEY";"WS15";"20"
"543";"BURNTWOOD";"WS7";"20"
"544";"ALCESTER";"B49";"21"
"545";"ALCESTER";"B50";"21"
"546";"STUDLEY";"B80";"21"
"547";"NUNEATON";"CV10";"21"
"548";"NUNEATON";"CV11";"21"
"549";"BEDWORTH";"CV12";"21"
"550";"NUNEATON";"CV13";"21"
"551";"RUGBY";"CV21";"21"
"552";"RUGBY";"CV22";"21"
"553";"RUGBY";"CV23";"21"
"554";"LEAMINGTON SPA";"CV31";"21"
"555";"LEAMINGTON SPA";"CV32";"21"
"556";"LEAMINGTON SPA";"CV33";"21"
"557";"WARWICK";"CV34";"21"
"558";"WARWICK";"CV35";"21"
"559";"SHIPSTON-ON-STOUR";"CV36";"21"
"560";"STRATFORD-UPON-AVON";"CV37";"21"
"561";"SOUTHAM";"CV47";"21"
"562";"KENILWORTH";"CV8";"21"
"563";"ATHERSTONE";"CV9";"21"
"564";"BIRMINGHAM";"B1";"22"
"565";"BIRMINGHAM";"B10";"22"
"566";"BIRMINGHAM";"B11";"22"
"567";"BIRMINGHAM";"B12";"22"
"568";"BIRMINGHAM";"B13";"22"
"569";"BIRMINGHAM";"B14";"22"
"570";"BIRMINGHAM";"B15";"22"
"571";"BIRMINGHAM";"B16";"22"
"572";"BIRMINGHAM";"B17";"22"
"573";"BIRMINGHAM";"B18";"22"
"574";"BIRMINGHAM";"B19";"22"
"575";"BIRMINGHAM";"B2";"22"
"576";"BIRMINGHAM";"B20";"22"
"577";"BIRMINGHAM";"B21";"22"
"578";"BIRMINGHAM";"B22";"22"
"579";"BIRMINGHAM";"B23";"22"
"580";"BIRMINGHAM";"B24";"22"
"581";"BIRMINGHAM";"B25";"22"
"582";"BIRMINGHAM";"B26";"22"
"583";"BIRMINGHAM";"B27";"22"
"584";"BIRMINGHAM";"B28";"22"
"585";"BIRMINGHAM";"B29";"22"
"586";"BIRMINGHAM";"B30";"22"
"587";"BIRMINGHAM";"B31";"22"
"588";"BIRMINGHAM";"B32";"22"
"589";"BIRMINGHAM";"B33";"22"
"590";"BIRMINGHAM";"B34";"22"
"591";"BIRMINGHAM";"B35";"22"
"592";"BIRMINGHAM";"B36";"22"
"593";"BIRMINGHAM";"B37";"22"
"594";"BIRMINGHAM";"B38";"22"
"595";"BIRMINGHAM";"B4";"22"
"596";"BIRMINGHAM";"B40";"22"
"597";"BIRMINGHAM";"B42";"22"
"598";"BIRMINGHAM";"B43";"22"
"599";"BIRMINGHAM";"B44";"22"
"600";"BIRMINGHAM";"B45";"22"
"601";"BIRMINGHAM";"B46";"22"
"602";"BIRMINGHAM";"B47";"22"
"603";"BIRMINGHAM";"B48";"22"
"604";"BIRMINGHAM";"B5";"22"
"605";"BIRMINGHAM";"B6";"22"
"606";"HALESOWEN";"B62";"22"
"607";"HALESOWEN";"B63";"22"
"608";"CRADLEY HEATH";"B64";"22"
"609";"ROWLEY REGIS";"B65";"22"
"610";"SMETHWICK";"B66";"22"
"611";"SMETHWICK";"B67";"22"
"612";"OLDBURY";"B68";"22"
"613";"OLDBURY";"B69";"22"
"614";"BIRMINGHAM";"B7";"22"
"615";"WEST BROMWICH";"B70";"22"
"616";"WEST BROMWICH";"B71";"22"
"617";"SUTTON COLDFIELD";"B72";"22"
"618";"SUTTON COLDFIELD";"B73";"22"
"619";"SUTTON COLDFIELD";"B74";"22"
"620";"SUTTON COLDFIELD";"B75";"22"
"621";"SUTTON COLDFIELD";"B76";"22"
"622";"BIRMINGHAM";"B8";"22"
"623";"BIRMINGHAM";"B9";"22"
"624";"SOLIHULL";"B90";"22"
"625";"SOLIHULL";"B91";"22"
"626";"SOLIHULL";"B92";"22"
"627";"SOLIHULL";"B93";"22"
"628";"SOLIHULL";"B94";"22"
"629";"SOLIHULL";"B95";"22"
"630";"COVENTRY";"CV1";"22"
"631";"COVENTRY";"CV2";"22"
"632";"COVENTRY";"CV3";"22"
"633";"COVENTRY";"CV4";"22"
"634";"COVENTRY";"CV5";"22"
"635";"COVENTRY";"CV6";"22"
"636";"COVENTRY";"CV7";"22"
"637";"COVENTRY";"CV8";"22"
"638";"DUDLEY";"DY1";"22"
"639";"DUDLEY";"DY2";"22"
"640";"DUDLEY";"DY3";"22"
"641";"TIPTON";"DY4";"22"
"642";"BRIERLEY HILL";"DY5";"22"
"643";"KINGSWINFORD";"DY6";"22"
"644";"STOURBRIDGE";"DY7";"22"
"645";"STOURBRIDGE";"DY8";"22"
"646";"STOURBRIDGE";"DY9";"22"
"647";"WALSALL";"WS1";"22"
"648";"WEDNESBURY";"WS10";"22"
"649";"WALSALL";"WS2";"22"
"650";"WALSALL";"WS3";"22"
"651";"WALSALL";"WS4";"22"
"652";"WALSALL";"WS5";"22"
"653";"WALSALL";"WS6";"22"
"654";"WALSALL";"WS8";"22"
"655";"WALSALL";"WS9";"22"
"656";"WOLVERHAMPTON";"WV1";"22"
"657";"WOLVERHAMPTON";"WV10";"22"
"658";"WOLVERHAMPTON";"WV11";"22"
"659";"WILLENHALL";"WV12";"22"
"660";"WILLENHALL";"WV13";"22"
"661";"BILSTON";"WV14";"22"
"662";"WOLVERHAMPTON";"WV2";"22"
"663";"WOLVERHAMPTON";"WV3";"22"
"664";"WOLVERHAMPTON";"WV4";"22"
"665";"WOLVERHAMPTON";"WV5";"22"
"666";"WOLVERHAMPTON";"WV6";"22"
"667";"WOLVERHAMPTON";"WV7";"22"
"668";"WOLVERHAMPTON";"WV8";"22"
"669";"WOLVERHAMPTON";"WV9";"22"
"670";"CHESTER";"CH1";"23"
"671";"CHESTER";"CH2";"23"
"672";"CHESTER";"CH3";"23"
"673";"CHESTER";"CH4";"23"
"674";"CHESTER";"CH88";"23"
"675";"CHESTER";"CH99";"23"
"676";"CREWE";"CW1";"23"
"677";"MIDDLEWICH";"CW10";"23"
"678";"SANDBACH";"CW11";"23"
"679";"CONGLETON";"CW12";"23"
"680";"CREWE";"CW2";"23"
"681";"CREWE";"CW3";"23"
"682";"CREWE";"CW4";"23"
"683";"NANTWICH";"CW5";"23"
"684";"TARPORLEY";"CW6";"23"
"685";"WINSFORD";"CW7";"23"
"686";"NORTHWICH";"CW8";"23"
"687";"NORTHWICH";"CW9";"23"
"688";"SALE";"M33";"23"
"689";"STOCKPORT";"SK1";"23"
"690";"MACCLESFIELD";"SK10";"23"
"691";"MACCLESFIELD";"SK11";"23"
"692";"STOCKPORT";"SK12";"23"
"693";"HYDE";"SK14";"23"
"694";"STALYBRIDGE";"SK15";"23"
"695";"DUKINFIELD";"SK16";"23"
"696";"STOCKPORT";"SK2";"23"
"697";"STOCKPORT";"SK3";"23"
"698";"STOCKPORT";"SK4";"23"
"699";"STOCKPORT";"SK5";"23"
"700";"STOCKPORT";"SK6";"23"
"701";"STOCKPORT";"SK7";"23"
"702";"CHEADLE";"SK8";"23"
"703";"ALDERLEY EDGE";"SK9";"23"
"704";"WILMSLOW";"SK9";"23"
"705";"MALPAS";"SY14";"23"
"706";"WARRINGTON";"WA1";"23"
"707";"LYMM";"WA13";"23"
"708";"ALTRINCHAM";"WA14";"23"
"709";"ALTRINCHAM";"WA15";"23"
"710";"KNUTSFORD";"WA16";"23"
"711";"WARRINGTON";"WA2";"23"
"712";"WARRINGTON";"WA3";"23"
"713";"WARRINGTON";"WA4";"23"
"714";"WARRINGTON";"WA5";"23"
"715";"WARRINGTON";"WA55";"23"
"716";"FRODSHAM";"WA6";"23"
"717";"RUNCORN";"WA7";"23"
"718";"WIDNES";"WA8";"23"
"719";"WIDNES";"WA88";"23"
"720";"DOUGLAS";"IM1";"24"
"721";"DOUGLAS";"IM2";"24"
"722";"DOUGLAS";"IM3";"24"
"723";"DOUGLAS";"IM4";"24"
"724";"LAXEY";"IM4";"24"
"725";"PEEL";"IM5";"24"
"726";"KIRK MICHAEL";"IM6";"24"
"727";"RAMSEY";"IM7";"24"
"728";"RAMSEY";"IM8";"24"
"729";"BALLASALLA";"IM9";"24"
"730";"CASTLETOWN";"IM9";"24"
"731";"PORT ERIN";"IM9";"24"
"732";"PORT ST MARY";"IM9";"24"
"733";"BALLASALLA";"IM99";"24"
"734";"CASTLETOWN";"IM99";"24"
"735";"DOUGLAS";"IM99";"24"
"736";"PORT ERIN";"IM99";"24"
"737";"PORT ST MARY";"IM99";"24"
"738";"RAMSEY";"IM99";"24"
"739";"BLACKBURN";"BB1";"25"
"740";"BURNLEY";"BB10";"25"
"741";"BURNLEY";"BB11";"25"
"742";"BURNLEY";"BB12";"25"
"743";"BARNOLDSWICK";"BB18";"25"
"744";"BLACKBURN";"BB2";"25"
"745";"DARWEN";"BB3";"25"
"746";"ROSSENDALE";"BB4";"25"
"747";"BLACKBURN";"BB6";"25"
"748";"CLITHEROE";"BB7";"25"
"749";"COLNE";"BB8";"25"
"750";"NELSON";"BB9";"25"
"751";"BARNOLDSWICK";"BB94";"25"
"752";"BURY";"BL0";"25"
"753";"BOLTON";"BL1";"25"
"754";"BOLTON";"BL11";"25"
"755";"BOLTON";"BL2";"25"
"756";"BOLTON";"BL3";"25"
"757";"BOLTON";"BL4";"25"
"758";"BOLTON";"BL5";"25"
"759";"BOLTON";"BL6";"25"
"760";"BOLTON";"BL7";"25"
"761";"BOLTON";"BL78";"25"
"762";"BURY";"BL9";"25"
"763";"BLACKPOOL";"FY0";"25"
"764";"BLACKPOOL";"FY1";"25"
"765";"BLACKPOOL";"FY2";"25"
"766";"BLACKPOOL";"FY3";"25"
"767";"BLACKPOOL";"FY4";"25"
"768";"THORNTON-CLEVELEYS";"FY5";"25"
"769";"POULTON-LE-FYLDE";"FY6";"25"
"770";"FLEETWOOD";"FY7";"25"
"771";"LYTHAM ST ANNES";"FY8";"25"
"772";"ORMSKIRK";"L39";"25"
"773";"ORMSKIRK";"L40";"25"
"774";"LANCASTER";"LA1";"25"
"775";"LANCASTER";"LA2";"25"
"776";"MORECAMBE";"LA3";"25"
"777";"MORECAMBE";"LA4";"25"
"778";"CARNFORTH";"LA5";"25"
"779";"CARNFORTH";"LA6";"25"
"780";"MANCHESTER";"M1";"25"
"781";"MANCHESTER";"M11";"25"
"782";"MANCHESTER";"M12";"25"
"783";"MANCHESTER";"M13";"25"
"784";"MANCHESTER";"M14";"25"
"785";"MANCHESTER";"M15";"25"
"786";"MANCHESTER";"M16";"25"
"787";"MANCHESTER";"M17";"25"
"788";"MANCHESTER";"M18";"25"
"789";"MANCHESTER";"M19";"25"
"790";"MANCHESTER";"M2";"25"
"791";"MANCHESTER";"M20";"25"
"792";"MANCHESTER";"M21";"25"
"793";"MANCHESTER";"M22";"25"
"794";"MANCHESTER";"M23";"25"
"795";"MANCHESTER";"M24";"25"
"796";"MANCHESTER";"M25";"25"
"797";"MANCHESTER";"M26";"25"
"798";"MANCHESTER";"M27";"25"
"799";"MANCHESTER";"M28";"25"
"800";"MANCHESTER";"M29";"25"
"801";"MANCHESTER";"M3";"25"
"802";"SALFORD";"M3";"25"
"803";"MANCHESTER";"M30";"25"
"804";"MANCHESTER";"M31";"25"
"805";"MANCHESTER";"M32";"25"
"806";"MANCHESTER";"M34";"25"
"807";"MANCHESTER";"M35";"25"
"808";"MANCHESTER";"M38";"25"
"809";"MANCHESTER";"M4";"25"
"810";"MANCHESTER";"M40";"25"
"811";"MANCHESTER";"M41";"25"
"812";"MANCHESTER";"M43";"25"
"813";"MANCHESTER";"M44";"25"
"814";"MANCHESTER";"M45";"25"
"815";"MANCHESTER";"M46";"25"
"816";"SALFORD";"M5";"25"
"817";"SALFORD";"M6";"25"
"818";"MANCHESTER";"M60";"25"
"819";"SALFORD";"M60";"25"
"820";"SALFORD";"M7";"25"
"821";"MANCHESTER";"M8";"25"
"822";"MANCHESTER";"M9";"25"
"823";"MANCHESTER";"M90";"25"
"824";"MANCHESTER";"M99";"25"
"825";"OLDHAM";"OL1";"25"
"826";"HEYWOOD";"OL10";"25"
"827";"ROCHDALE";"OL11";"25"
"828";"ROCHDALE";"OL12";"25"
"829";"BACUP";"OL13";"25"
"830";"TODMORDEN";"OL14";"25"
"831";"LITTLEBOROUGH";"OL15";"25"
"832";"ROCHDALE";"OL16";"25"
"833";"OLDHAM";"OL2";"25"
"834";"OLDHAM";"OL3";"25"
"835";"OLDHAM";"OL4";"25"
"836";"ASHTON-UNDER-LYNE";"OL5";"25"
"837";"ASHTON-UNDER-LYNE";"OL6";"25"
"838";"ASHTON-UNDER-LYNE";"OL7";"25"
"839";"OLDHAM";"OL8";"25"
"840";"OLDHAM";"OL9";"25"
"841";"OLDHAM";"OL95";"25"
"842";"PRESTON";"PR0";"25"
"843";"PRESTON";"PR1";"25"
"844";"PRESTON";"PR11";"25"
"845";"PRESTON";"PR2";"25"
"846";"PRESTON";"PR3";"25"
"847";"PRESTON";"PR4";"25"
"848";"PRESTON";"PR5";"25"
"849";"CHORLEY";"PR6";"25"
"850";"CHORLEY";"PR7";"25"
"851";"WIGAN";"WN1";"25"
"852";"WIGAN";"WN2";"25"
"853";"WIGAN";"WN3";"25"
"854";"WIGAN";"WN4";"25"
"855";"WIGAN";"WN5";"25"
"856";"WIGAN";"WN6";"25"
"857";"LEIGH";"WN7";"25"
"858";"SKELMERSDALE";"WN8";"25"
"859";"WIGAN";"WN8";"25"
"860";"BIRKENHEAD";"CH41";"26"
"861";"BIRKENHEAD";"CH42";"26"
"862";"PRENTON";"CH43";"26"
"863";"WALLASEY";"CH44";"26"
"864";"WALLASEY";"CH45";"26"
"865";"WIRRAL";"CH46";"26"
"866";"WIRRAL";"CH47";"26"
"867";"WIRRAL";"CH48";"26"
"868";"WIRRAL";"CH49";"26"
"869";"WIRRAL";"CH60";"26"
"870";"WIRRAL";"CH61";"26"
"871";"WIRRAL";"CH62";"26"
"872";"WIRRAL";"CH63";"26"
"873";"NESTON";"CH64";"26"
"874";"ELLESMERE PORT";"CH65";"26"
"875";"ELLESMERE PORT";"CH66";"26"
"876";"BOOTLE";"GIR";"26"
"877";"LIVERPOOL";"L1";"26"
"878";"LIVERPOOL";"L10";"26"
"879";"LIVERPOOL";"L11";"26"
"880";"LIVERPOOL";"L12";"26"
"881";"LIVERPOOL";"L13";"26"
"882";"LIVERPOOL";"L14";"26"
"883";"LIVERPOOL";"L15";"26"
"884";"LIVERPOOL";"L16";"26"
"885";"LIVERPOOL";"L17";"26"
"886";"LIVERPOOL";"L18";"26"
"887";"LIVERPOOL";"L19";"26"
"888";"LIVERPOOL";"L2";"26"
"889";"BOOTLE";"L20";"26"
"890";"LIVERPOOL";"L20";"26"
"891";"LIVERPOOL";"L21";"26"
"892";"LIVERPOOL";"L22";"26"
"893";"LIVERPOOL";"L23";"26"
"894";"LIVERPOOL";"L24";"26"
"895";"LIVERPOOL";"L25";"26"
"896";"LIVERPOOL";"L26";"26"
"897";"LIVERPOOL";"L27";"26"
"898";"LIVERPOOL";"L28";"26"
"899";"LIVERPOOL";"L29";"26"
"900";"LIVERPOOL";"L3";"26"
"901";"BOOTLE";"L30";"26"
"902";"LIVERPOOL";"L31";"26"
"903";"LIVERPOOL";"L32";"26"
"904";"LIVERPOOL";"L33";"26"
"905";"PRESCOT";"L34";"26"
"906";"PRESCOT";"L35";"26"
"907";"LIVERPOOL";"L36";"26"
"908";"LIVERPOOL";"L37";"26"
"909";"LIVERPOOL";"L38";"26"
"910";"LIVERPOOL";"L4";"26"
"911";"LIVERPOOL";"L5";"26"
"912";"LIVERPOOL";"L6";"26"
"913";"LIVERPOOL";"L67";"26"
"914";"LIVERPOOL";"L68";"26"
"915";"BOOTLE";"L69";"26"
"916";"LIVERPOOL";"L69";"26"
"917";"LIVERPOOL";"L7";"26"
"918";"BOOTLE";"L70";"26"
"919";"LIVERPOOL";"L70";"26"
"920";"BOOTLE";"L71";"26"
"921";"LIVERPOOL";"L72";"26"
"922";"LIVERPOOL";"L73";"26"
"923";"LIVERPOOL";"L74";"26"
"924";"LIVERPOOL";"L75";"26"
"925";"LIVERPOOL";"L8";"26"
"926";"LIVERPOOL";"L9";"26"
"927";"SOUTHPORT";"PR8";"26"
"928";"SOUTHPORT";"PR9";"26"
"929";"ST HELENS";"WA10";"26"
"930";"ST HELENS";"WA11";"26"
"931";"NEWTON-LE-WILLOWS";"WA12";"26"
"932";"ST HELENS";"WA9";"26"
"933";"MIDDLESBROUGH";"TS1";"27"
"934";"REDCAR";"TS10";"27"
"935";"REDCAR";"TS11";"27"
"936";"SALTBURN-BY-THE-SEA";"TS12";"27"
"937";"SALTBURN-BY-THE-SEA";"TS13";"27"
"938";"GUISBOROUGH";"TS14";"27"
"939";"YARM";"TS15";"27"
"940";"STOCKTON-ON-TEES";"TS16";"27"
"941";"STOCKTON-ON-TEES";"TS17";"27"
"942";"STOCKTON-ON-TEES";"TS18";"27"
"943";"STOCKTON-ON-TEES";"TS19";"27"
"944";"MIDDLESBROUGH";"TS2";"27"
"945";"STOCKTON-ON-TEES";"TS20";"27"
"946";"STOCKTON-ON-TEES";"TS21";"27"
"947";"BILLINGHAM";"TS22";"27"
"948";"BILLINGHAM";"TS23";"27"
"949";"HARTLEPOOL";"TS24";"27"
"950";"HARTLEPOOL";"TS25";"27"
"951";"HARTLEPOOL";"TS26";"27"
"952";"HARTLEPOOL";"TS27";"27"
"953";"MIDDLESBROUGH";"TS3";"27"
"954";"MIDDLESBROUGH";"TS4";"27"
"955";"MIDDLESBROUGH";"TS5";"27"
"956";"MIDDLESBROUGH";"TS6";"27"
"957";"MIDDLESBROUGH";"TS7";"27"
"958";"MIDDLESBROUGH";"TS8";"27"
"959";"MIDDLESBROUGH";"TS9";"27"
"960";"MIDDLESBROUGH";"TS90";"27"
"961";"CARLISLE";"CA1";"28"
"962";"PENRITH";"CA10";"28"
"963";"PENRITH";"CA11";"28"
"964";"KESWICK";"CA12";"28"
"965";"COCKERMOUTH";"CA13";"28"
"966";"WORKINGTON";"CA14";"28"
"967";"MARYPORT";"CA15";"28"
"968";"APPLEBY-IN-WESTMORLAND";"CA16";"28"
"969";"KIRKBY STEPHEN";"CA17";"28"
"970";"RAVENGLASS";"CA18";"28"
"971";"HOLMROOK";"CA19";"28"
"972";"CARLISLE";"CA2";"28"
"973";"SEASCALE";"CA20";"28"
"974";"BECKERMET";"CA21";"28"
"975";"EGREMONT";"CA22";"28"
"976";"CLEATOR";"CA23";"28"
"977";"MOOR ROW";"CA24";"28"
"978";"CLEATOR MOOR";"CA25";"28"
"979";"FRIZINGTON";"CA26";"28"
"980";"ST BEES";"CA27";"28"
"981";"WHITEHAVEN";"CA28";"28"
"982";"CARLISLE";"CA3";"28"
"983";"CARLISLE";"CA4";"28"
"984";"CARLISLE";"CA5";"28"
"985";"CARLISLE";"CA6";"28"
"986";"WIGTON";"CA7";"28"
"987";"BRAMPTON";"CA8";"28"
"988";"ALSTON";"CA9";"28"
"989";"WORKINGTON";"CA95";"28"
"990";"SEDBERGH";"LA10";"28"
"991";"GRANGE-OVER-SANDS";"LA11";"28"
"992";"ULVERSTON";"LA12";"28"
"993";"BARROW-IN-FURNESS";"LA13";"28"
"994";"BARROW-IN-FURNESS";"LA14";"28"
"995";"DALTON-IN-FURNESS";"LA15";"28"
"996";"ASKAM-IN-FURNESS";"LA16";"28"
"997";"KIRKBY-IN-FURNESS";"LA17";"28"
"998";"MILLOM";"LA18";"28"
"999";"MILLOM";"LA19";"28"
"1000";"BROUGHTON-IN-FURNESS";"LA20";"28"
"1001";"CONISTON";"LA21";"28"
"1002";"AMBLESIDE";"LA22";"28"
"1003";"WINDERMERE";"LA23";"28"
"1004";"MILNTHORPE";"LA7";"28"
"1005";"KENDAL";"LA8";"28"
"1006";"KENDAL";"LA9";"28"
"1007";"DURHAM";"DH1";"29"
"1008";"CHESTER LE STREET";"DH2";"29"
"1009";"CHESTER LE STREET";"DH3";"29"
"1010";"DURHAM";"DH6";"29"
"1011";"DURHAM";"DH7";"29"
"1012";"CONSETT";"DH8";"29"
"1013";"STANLEY";"DH9";"29"
"1014";"DURHAM";"DH97";"29"
"1015";"DURHAM";"DH98";"29"
"1016";"DURHAM";"DH99";"29"
"1017";"DARLINGTON";"DL1";"29"
"1018";"BARNARD CASTLE";"DL12";"29"
"1019";"BISHOP AUCKLAND";"DL13";"29"
"1020";"BISHOP AUCKLAND";"DL14";"29"
"1021";"CROOK";"DL15";"29"
"1022";"SPENNYMOOR";"DL16";"29"
"1023";"FERRYHILL";"DL17";"29"
"1024";"DARLINGTON";"DL2";"29"
"1025";"DARLINGTON";"DL3";"29"
"1026";"SHILDON";"DL4";"29"
"1027";"NEWTON AYCLIFFE";"DL5";"29"
"1028";"SEAHAM";"SR7";"29"
"1029";"PETERLEE";"SR8";"29"
"1030";"WINGATE";"TS28";"29"
"1031";"TRIMDON STATION";"TS29";"29"
"1032";"BEDLINGTON";"NE22";"30"
"1033";"CRAMLINGTON";"NE23";"30"
"1034";"BLYTH";"NE24";"30"
"1035";"WYLAM";"NE41";"30"
"1036";"PRUDHOE";"NE42";"30"
"1037";"STOCKSFIELD";"NE43";"30"
"1038";"RIDING MILL";"NE44";"30"
"1039";"CORBRIDGE";"NE45";"30"
"1040";"HEXHAM";"NE46";"30"
"1041";"HEXHAM";"NE47";"30"
"1042";"HEXHAM";"NE48";"30"
"1043";"HALTWHISTLE";"NE49";"30"
"1044";"MORPETH";"NE61";"30"
"1045";"CHOPPINGTON";"NE62";"30"
"1046";"ASHINGTON";"NE63";"30"
"1047";"NEWBIGGIN-BY-THE-SEA";"NE64";"30"
"1048";"MORPETH";"NE65";"30"
"1049";"ALNWICK";"NE66";"30"
"1050";"CHATHILL";"NE67";"30"
"1051";"SEAHOUSES";"NE68";"30"
"1052";"BAMBURGH";"NE69";"30"
"1053";"BELFORD";"NE70";"30"
"1054";"WOOLER";"NE71";"30"
"1055";"CORNHILL-ON-TWEED";"TD12";"30"
"1056";"MINDRUM";"TD12";"30"
"1057";"BERWICK-UPON-TWEED";"TD15";"30"
"1058";"HOUGHTON LE SPRING";"DH4";"31"
"1059";"HOUGHTON LE SPRING";"DH5";"31"
"1060";"NEWCASTLE UPON TYNE";"NE1";"31"
"1061";"GATESHEAD";"NE10";"31"
"1062";"GATESHEAD";"NE11";"31"
"1063";"NEWCASTLE UPON TYNE";"NE12";"31"
"1064";"NEWCASTLE UPON TYNE";"NE13";"31"
"1065";"NEWCASTLE UPON TYNE";"NE15";"31"
"1066";"NEWCASTLE UPON TYNE";"NE16";"31"
"1067";"NEWCASTLE UPON TYNE";"NE17";"31"
"1068";"NEWCASTLE UPON TYNE";"NE18";"31"
"1069";"NEWCASTLE UPON TYNE";"NE19";"31"
"1070";"NEWCASTLE UPON TYNE";"NE2";"31"
"1071";"NEWCASTLE UPON TYNE";"NE20";"31"
"1072";"BLAYDON-ON-TYNE";"NE21";"31"
"1073";"WHITLEY BAY";"NE25";"31"
"1074";"WHITLEY BAY";"NE26";"31"
"1075";"NEWCASTLE UPON TYNE";"NE27";"31"
"1076";"WALLSEND";"NE28";"31"
"1077";"NORTH SHIELDS";"NE29";"31"
"1078";"NEWCASTLE UPON TYNE";"NE3";"31"
"1079";"NORTH SHIELDS";"NE30";"31"
"1080";"HEBBURN";"NE31";"31"
"1081";"JARROW";"NE32";"31"
"1082";"SOUTH SHIELDS";"NE33";"31"
"1083";"SOUTH SHIELDS";"NE34";"31"
"1084";"BOLDON COLLIERY";"NE35";"31"
"1085";"EAST BOLDON";"NE36";"31"
"1086";"WASHINGTON";"NE37";"31"
"1087";"WASHINGTON";"NE38";"31"
"1088";"ROWLANDS GILL";"NE39";"31"
"1089";"NEWCASTLE UPON TYNE";"NE4";"31"
"1090";"RYTON";"NE40";"31"
"1091";"NEWCASTLE UPON TYNE";"NE5";"31"
"1092";"NEWCASTLE UPON TYNE";"NE6";"31"
"1093";"NEWCASTLE UPON TYNE";"NE7";"31"
"1094";"GATESHEAD";"NE8";"31"
"1095";"NEWCASTLE UPON TYNE";"NE82";"31"
"1096";"GATESHEAD";"NE85";"31"
"1097";"NEWCASTLE UPON TYNE";"NE88";"31"
"1098";"GATESHEAD";"NE9";"31"
"1099";"NEWCASTLE UPON TYNE";"NE98";"31"
"1100";"NEWCASTLE UPON TYNE";"NE99";"31"
"1101";"SUNDERLAND";"SR1";"31"
"1102";"SUNDERLAND";"SR2";"31"
"1103";"SUNDERLAND";"SR3";"31"
"1104";"SUNDERLAND";"SR4";"31"
"1105";"SUNDERLAND";"SR43";"31"
"1106";"SUNDERLAND";"SR5";"31"
"1107";"SUNDERLAND";"SR6";"31"
"1108";"SUNDERLAND";"SR9";"31"
"1109";"BELFAST";"BT1";"32"
"1110";"BELFAST";"BT10";"32"
"1111";"BELFAST";"BT11";"32"
"1112";"BELFAST";"BT12";"32"
"1113";"BELFAST";"BT13";"32"
"1114";"BELFAST";"BT14";"32"
"1115";"BELFAST";"BT15";"32"
"1116";"BELFAST";"BT16";"32"
"1117";"BELFAST";"BT17";"32"
"1118";"BELFAST";"BT2";"32"
"1119";"LISBURN";"BT27";"32"
"1120";"LISBURN";"BT28";"32"
"1121";"BELFAST";"BT29";"32"
"1122";"CRUMLIN";"BT29";"32"
"1123";"BELFAST";"BT3";"32"
"1124";"NEWTOWNABBEY";"BT36";"32"
"1125";"NEWTOWNABBEY";"BT37";"32"
"1126";"CARRICKFERGUS";"BT38";"32"
"1127";"BALLYCLARE";"BT39";"32"
"1128";"BELFAST";"BT4";"32"
"1129";"LARNE";"BT40";"32"
"1130";"ANTRIM";"BT41";"32"
"1131";"BALLYMENA";"BT42";"32"
"1132";"BALLYMENA";"BT43";"32"
"1133";"BALLYMENA";"BT44";"32"
"1134";"BELFAST";"BT5";"32"
"1135";"BALLYMONEY";"BT53";"32"
"1136";"BALLYCASTLE";"BT54";"32"
"1137";"PORTRUSH";"BT56";"32"
"1138";"BUSHMILLS";"BT57";"32"
"1139";"BELFAST";"BT58";"32"
"1140";"BELFAST";"BT6";"32"
"1141";"BELFAST";"BT7";"32"
"1142";"BELFAST";"BT8";"32"
"1143";"BELFAST";"BT9";"32"
"1144";"ARMAGH";"BT60";"33"
"1145";"ARMAGH";"BT61";"33"
"1146";"CRAIGAVON";"BT62";"33"
"1147";"CRAIGAVON";"BT63";"33"
"1148";"CRAIGAVON";"BT64";"33"
"1149";"CRAIGAVON";"BT65";"33"
"1150";"CRAIGAVON";"BT66";"33"
"1151";"CRAIGAVON";"BT67";"33"
"1152";"HOLYWOOD";"BT18";"34"
"1153";"BANGOR";"BT19";"34"
"1154";"BANGOR";"BT20";"34"
"1155";"DONAGHADEE";"BT21";"34"
"1156";"NEWTOWNARDS";"BT22";"34"
"1157";"NEWTOWNARDS";"BT23";"34"
"1158";"BALLYNAHINCH";"BT24";"34"
"1159";"DROMORE";"BT25";"34"
"1160";"HILLSBOROUGH";"BT26";"34"
"1161";"DOWNPATRICK";"BT30";"34"
"1162";"CASTLEWELLAN";"BT31";"34"
"1163";"BANBRIDGE";"BT32";"34"
"1164";"NEWCASTLE";"BT33";"34"
"1165";"NEWRY";"BT34";"34"
"1166";"NEWRY";"BT35";"34"
"1167";"ENNISKILLEN";"BT74";"35"
"1168";"ENNISKILLEN";"BT92";"35"
"1169";"ENNISKILLEN";"BT93";"35"
"1170";"ENNISKILLEN";"BT94";"35"
"1171";"MAGHERAFELT";"BT45";"36"
"1172";"MAGHERA";"BT46";"36"
"1173";"LONDONDERRY";"BT47";"36"
"1174";"LONDONDERRY";"BT48";"36"
"1175";"LIMAVADY";"BT49";"36"
"1176";"COLERAINE";"BT51";"36"
"1177";"COLERAINE";"BT52";"36"
"1178";"PORTSTEWART";"BT55";"36"
"1179";"CALEDON";"BT68";"37"
"1180";"AUGHNACLOY";"BT69";"37"
"1181";"DUNGANNON";"BT70";"37"
"1182";"DUNGANNON";"BT71";"37"
"1183";"FIVEMILETOWN";"BT75";"37"
"1184";"CLOGHER";"BT76";"37"
"1185";"AUGHER";"BT77";"37"
"1186";"OMAGH";"BT78";"37"
"1187";"OMAGH";"BT79";"37"
"1188";"COOKSTOWN";"BT80";"37"
"1189";"CASTLEDERG";"BT81";"37"
"1190";"STRABANE";"BT82";"37"
"1191";"WALKERBURN";"EH43";"38"
"1192";"INNERLEITHEN";"EH44";"38"
"1193";"PEEBLES";"EH45";"38"
"1194";"WEST LINTON";"EH46";"38"
"1195";"GALASHIELS";"TD1";"38"
"1196";"DUNS";"TD10";"38"
"1197";"DUNS";"TD11";"38"
"1198";"COLDSTREAM";"TD12";"38"
"1199";"COCKBURNSPATH";"TD13";"38"
"1200";"EYEMOUTH";"TD14";"38"
"1201";"LAUDER";"TD2";"38"
"1202";"GORDON";"TD3";"38"
"1203";"EARLSTON";"TD4";"38"
"1204";"KELSO";"TD5";"38"
"1205";"MELROSE";"TD6";"38"
"1206";"SELKIRK";"TD7";"38"
"1207";"JEDBURGH";"TD8";"38"
"1208";"HAWICK";"TD9";"38"
"1209";"NEWCASTLETON";"TD9";"38"
"1210";"FALKIRK";"FK1";"39"
"1211";"ALLOA";"FK10";"39"
"1212";"CLACKMANNAN";"FK10";"39"
"1213";"MENSTRIE";"FK11";"39"
"1214";"ALVA";"FK12";"39"
"1215";"TILLICOULTRY";"FK13";"39"
"1216";"DOLLAR";"FK14";"39"
"1217";"DUNBLANE";"FK15";"39"
"1218";"DOUNE";"FK16";"39"
"1219";"CALLANDER";"FK17";"39"
"1220";"CALLANDER";"FK18";"39"
"1221";"LOCHEARNHEAD";"FK19";"39"
"1222";"FALKIRK";"FK2";"39"
"1223";"CRIANLARICH";"FK20";"39"
"1224";"KILLIN";"FK21";"39"
"1225";"GRANGEMOUTH";"FK3";"39"
"1226";"BONNYBRIDGE";"FK4";"39"
"1227";"LARBERT";"FK5";"39"
"1228";"DENNY";"FK6";"39"
"1229";"STIRLING";"FK7";"39"
"1230";"STIRLING";"FK8";"39"
"1231";"STIRLING";"FK9";"39"
"1232";"DUMFRIES";"DG1";"40"
"1233";"MOFFAT";"DG10";"40"
"1234";"LOCKERBIE";"DG11";"40"
"1235";"ANNAN";"DG12";"40"
"1236";"LANGHOLM";"DG13";"40"
"1237";"CANONBIE";"DG14";"40"
"1238";"GRETNA";"DG16";"40"
"1239";"DUMFRIES";"DG2";"40"
"1240";"THORNHILL";"DG3";"40"
"1241";"SANQUHAR";"DG4";"40"
"1242";"NEWTON STEWART";"DG8";"40"
"1243";"STRANRAER";"DG9";"40"
"1244";"NEWPORT-ON-TAY";"DD6";"41"
"1245";"TAYPORT";"DD6";"41"
"1246";"KIRKCALDY";"KY1";"41"
"1247";"ANSTRUTHER";"KY10";"41"
"1248";"DUNFERMLINE";"KY11";"41"
"1249";"INVERKEITHING";"KY11";"41"
"1250";"DUNFERMLINE";"KY12";"41"
"1251";"KINROSS";"KY13";"41"
"1252";"CUPAR";"KY14";"41"
"1253";"CUPAR";"KY15";"41"
"1254";"ST ANDREWS";"KY16";"41"
"1255";"KIRKCALDY";"KY2";"41"
"1256";"BURNTISLAND";"KY3";"41"
"1257";"COWDENBEATH";"KY4";"41"
"1258";"KELTY";"KY4";"41"
"1259";"LOCHGELLY";"KY5";"41"
"1260";"GLENROTHES";"KY6";"41"
"1261";"GLENROTHES";"KY7";"41"
"1262";"LEVEN";"KY8";"41"
"1263";"LEVEN";"KY9";"41"
"1264";"DUNFERMLINE";"KY99";"41"
"1265";"ABERDEEN";"AB11";"42"
"1266";"ABERDEEN";"AB12";"42"
"1267";"ABERDEEN";"AB13";"42"
"1268";"MILLTIMBER";"AB13";"42"
"1269";"ABERDEEN";"AB14";"42"
"1270";"PETERCULTER";"AB14";"42"
"1271";"ABERDEEN";"AB15";"42"
"1272";"ABERDEEN";"AB16";"42"
"1273";"ABERDEEN";"AB21";"42"
"1274";"ABERDEEN";"AB22";"42"
"1275";"ABERDEEN";"AB23";"42"
"1276";"ABERDEEN";"AB24";"42"
"1277";"ABERDEEN";"AB25";"42"
"1278";"LAURENCEKIRK";"AB30";"42"
"1279";"BANCHORY";"AB31";"42"
"1280";"WESTHILL";"AB32";"42"
"1281";"ALFORD";"AB33";"42"
"1282";"ABOYNE";"AB34";"42"
"1283";"BALLATER";"AB35";"42"
"1284";"STRATHDON";"AB36";"42"
"1285";"BALLINDALLOCH";"AB37";"42"
"1286";"ABERLOUR";"AB38";"42"
"1287";"STONEHAVEN";"AB39";"42"
"1288";"ELLON";"AB41";"42"
"1289";"PETERHEAD";"AB42";"42"
"1290";"FRASERBURGH";"AB43";"42"
"1291";"MACDUFF";"AB44";"42"
"1292";"BANFF";"AB45";"42"
"1293";"INVERURIE";"AB51";"42"
"1294";"INSCH";"AB52";"42"
"1295";"TURRIFF";"AB53";"42"
"1296";"HUNTLY";"AB54";"42"
"1297";"KEITH";"AB55";"42"
"1298";"BUCKIE";"AB56";"42"
"1299";"DALBEATTIE";"DG5";"42"
"1300";"KIRKCUDBRIGHT";"DG6";"42"
"1301";"CASTLE DOUGLAS";"DG7";"42"
"1302";"HARRIS";"HS3";"43"
"1303";"LEVERBURGH";"HS5";"43"
"1304";"INVERNESS";"IV1";"43"
"1305";"FORTROSE";"IV10";"43"
"1306";"CROMARTY";"IV11";"43"
"1307";"NAIRN";"IV12";"43"
"1308";"INVERNESS";"IV13";"43"
"1309";"STRATHPEFFER";"IV14";"43"
"1310";"DINGWALL";"IV15";"43"
"1311";"DINGWALL";"IV16";"43"
"1312";"ALNESS";"IV17";"43"
"1313";"INVERGORDON";"IV18";"43"
"1314";"TAIN";"IV19";"43"
"1315";"INVERNESS";"IV2";"43"
"1316";"TAIN";"IV20";"43"
"1317";"GAIRLOCH";"IV21";"43"
"1318";"ACHNASHEEN";"IV22";"43"
"1319";"GARVE";"IV23";"43"
"1320";"ARDGAY";"IV24";"43"
"1321";"DORNOCH";"IV25";"43"
"1322";"ULLAPOOL";"IV26";"43"
"1323";"LAIRG";"IV27";"43"
"1324";"ROGART";"IV28";"43"
"1325";"INVERNESS";"IV3";"43"
"1326";"ELGIN";"IV30";"43"
"1327";"LOSSIEMOUTH";"IV31";"43"
"1328";"FOCHABERS";"IV32";"43"
"1329";"FORRES";"IV36";"43"
"1330";"BEAULY";"IV4";"43"
"1331";"KYLE";"IV40";"43"
"1332";"ISLE OF SKYE";"IV41";"43"
"1333";"ISLE OF SKYE";"IV42";"43"
"1334";"ISLE OF SKYE";"IV43";"43"
"1335";"ISLE OF SKYE";"IV44";"43"
"1336";"ISLE OF SKYE";"IV45";"43"
"1337";"ISLE OF SKYE";"IV46";"43"
"1338";"ISLE OF SKYE";"IV47";"43"
"1339";"ISLE OF SKYE";"IV48";"43"
"1340";"ISLE OF SKYE";"IV49";"43"
"1341";"INVERNESS";"IV5";"43"
"1342";"PORTREE";"IV51";"43"
"1343";"PLOCKTON";"IV52";"43"
"1344";"STROME FERRY";"IV53";"43"
"1345";"STRATHCARRON";"IV54";"43"
"1346";"ISLE OF SKYE";"IV55";"43"
"1347";"ISLE OF SKYE";"IV56";"43"
"1348";"MUIR OF ORD";"IV6";"43"
"1349";"INVERNESS";"IV63";"43"
"1350";"DINGWALL";"IV7";"43"
"1351";"MUNLOCHY";"IV8";"43"
"1352";"AVOCH";"IV9";"43"
"1353";"WICK";"KW1";"43"
"1354";"GOLSPIE";"KW10";"43"
"1355";"KINBRACE";"KW11";"43"
"1356";"HALKIRK";"KW12";"43"
"1357";"FORSINARD";"KW13";"43"
"1358";"THURSO";"KW14";"43"
"1359";"KIRKWALL";"KW15";"43"
"1360";"STROMNESS";"KW16";"43"
"1361";"ORKNEY";"KW17";"43"
"1362";"LYBSTER";"KW2";"43"
"1363";"LYBSTER";"KW3";"43"
"1364";"LATHERON";"KW5";"43"
"1365";"DUNBEATH";"KW6";"43"
"1366";"BERRIEDALE";"KW7";"43"
"1367";"HELMSDALE";"KW8";"43"
"1368";"BRORA";"KW9";"43"
"1369";"ISLE OF GIGHA";"PA41";"43"
"1370";"ISLE OF COLL";"PA78";"43"
"1371";"DALWHINNIE";"PH19";"43"
"1372";"NEWTONMORE";"PH20";"43"
"1373";"KINGUSSIE";"PH21";"43"
"1374";"AVIEMORE";"PH22";"43"
"1375";"CARRBRIDGE";"PH23";"43"
"1376";"BOAT OF GARTEN";"PH24";"43"
"1377";"NETHY BRIDGE";"PH25";"43"
"1378";"GRANTOWN-ON-SPEY";"PH26";"43"
"1379";"CORROUR";"PH30";"43"
"1380";"ROY BRIDGE";"PH31";"43"
"1381";"FORT AUGUSTUS";"PH32";"43"
"1382";"FORT WILLIAM";"PH33";"43"
"1383";"SPEAN BRIDGE";"PH34";"43"
"1384";"INVERGARRY";"PH35";"43"
"1385";"GLENFINNAN";"PH37";"43"
"1386";"LOCHAILORT";"PH38";"43"
"1387";"ARISAIG";"PH39";"43"
"1388";"MALLAIG";"PH40";"43"
"1389";"MALLAIG";"PH41";"43"
"1390";"ISLE OF EIGG";"PH42";"43"
"1391";"ISLE OF RUM";"PH43";"43"
"1392";"ISLE OF CANNA";"PH44";"43"
"1393";"LERWICK";"ZE1";"43"
"1394";"SHETLAND";"ZE1";"43"
"1395";"SHETLAND";"ZE2";"43"
"1396";"SHETLAND";"ZE3";"43"
"1397";"EDINBURGH";"EH1";"44"
"1398";"EDINBURGH";"EH10";"44"
"1399";"EDINBURGH";"EH11";"44"
"1400";"EDINBURGH";"EH12";"44"
"1401";"EDINBURGH";"EH13";"44"
"1402";"BALERNO";"EH14";"44"
"1403";"CURRIE";"EH14";"44"
"1404";"EDINBURGH";"EH14";"44"
"1405";"JUNIPER GREEN";"EH14";"44"
"1406";"EDINBURGH";"EH15";"44"
"1407";"EDINBURGH";"EH16";"44"
"1408";"EDINBURGH";"EH17";"44"
"1409";"LASSWADE";"EH18";"44"
"1410";"BONNYRIGG";"EH19";"44"
"1411";"EDINBURGH";"EH2";"44"
"1412";"LOANHEAD";"EH20";"44"
"1413";"MUSSELBURGH";"EH21";"44"
"1414";"DALKEITH";"EH22";"44"
"1415";"GOREBRIDGE";"EH23";"44"
"1416";"ROSEWELL";"EH24";"44"
"1417";"ROSLIN";"EH25";"44"
"1418";"PENICUIK";"EH26";"44"
"1419";"KIRKNEWTON";"EH27";"44"
"1420";"NEWBRIDGE";"EH28";"44"
"1421";"KIRKLISTON";"EH29";"44"
"1422";"EDINBURGH";"EH3";"44"
"1423";"SOUTH QUEENSFERRY";"EH30";"44"
"1424";"GULLANE";"EH31";"44"
"1425";"LONGNIDDRY";"EH32";"44"
"1426";"PRESTONPANS";"EH32";"44"
"1427";"TRANENT";"EH33";"44"
"1428";"TRANENT";"EH34";"44"
"1429";"TRANENT";"EH35";"44"
"1430";"HUMBIE";"EH36";"44"
"1431";"PATHHEAD";"EH37";"44"
"1432";"HERIOT";"EH38";"44"
"1433";"NORTH BERWICK";"EH39";"44"
"1434";"EDINBURGH";"EH4";"44"
"1435";"EAST LINTON";"EH40";"44"
"1436";"HADDINGTON";"EH41";"44"
"1437";"DUNBAR";"EH42";"44"
"1438";"BATHGATE";"EH47";"44"
"1439";"BATHGATE";"EH48";"44"
"1440";"LINLITHGOW";"EH49";"44"
"1441";"EDINBURGH";"EH5";"44"
"1442";"BO NESS";"EH51";"44"
"1443";"BROXBURN";"EH52";"44"
"1444";"LIVINGSTON";"EH53";"44"
"1445";"LIVINGSTON";"EH54";"44"
"1446";"WEST CALDER";"EH55";"44"
"1447";"EDINBURGH";"EH6";"44"
"1448";"EDINBURGH";"EH7";"44"
"1449";"EDINBURGH";"EH8";"44"
"1450";"EDINBURGH";"EH9";"44"
"1451";"EDINBURGH";"EH95";"44"
"1452";"EDINBURGH";"EH99";"44"
"1453";"GLASGOW";"G1";"45"
"1454";"GLASGOW";"G11";"45"
"1455";"GLASGOW";"G12";"45"
"1456";"GLASGOW";"G13";"45"
"1457";"GLASGOW";"G14";"45"
"1458";"GLASGOW";"G15";"45"
"1459";"GLASGOW";"G2";"45"
"1460";"GLASGOW";"G20";"45"
"1461";"GLASGOW";"G21";"45"
"1462";"GLASGOW";"G22";"45"
"1463";"GLASGOW";"G23";"45"
"1464";"GLASGOW";"G3";"45"
"1465";"GLASGOW";"G31";"45"
"1466";"GLASGOW";"G32";"45"
"1467";"GLASGOW";"G33";"45"
"1468";"GLASGOW";"G34";"45"
"1469";"GLASGOW";"G4";"45"
"1470";"GLASGOW";"G40";"45"
"1471";"GLASGOW";"G41";"45"
"1472";"GLASGOW";"G42";"45"
"1473";"GLASGOW";"G43";"45"
"1474";"GLASGOW";"G44";"45"
"1475";"GLASGOW";"G45";"45"
"1476";"GLASGOW";"G46";"45"
"1477";"GLASGOW";"G5";"45"
"1478";"GLASGOW";"G51";"45"
"1479";"GLASGOW";"G52";"45"
"1480";"GLASGOW";"G53";"45"
"1481";"GLASGOW";"G58";"45"
"1482";"GLASGOW";"G60";"45"
"1483";"GLASGOW";"G61";"45"
"1484";"GLASGOW";"G62";"45"
"1485";"GLASGOW";"G63";"45"
"1486";"GLASGOW";"G64";"45"
"1487";"GLASGOW";"G65";"45"
"1488";"GLASGOW";"G66";"45"
"1489";"GLASGOW";"G67";"45"
"1490";"GLASGOW";"G68";"45"
"1491";"GLASGOW";"G69";"45"
"1492";"GLASGOW";"G70";"45"
"1493";"GLASGOW";"G71";"45"
"1494";"GLASGOW";"G72";"45"
"1495";"GLASGOW";"G73";"45"
"1496";"GLASGOW";"G74";"45"
"1497";"GLASGOW";"G75";"45"
"1498";"GLASGOW";"G76";"45"
"1499";"GLASGOW";"G77";"45"
"1500";"GLASGOW";"G78";"45"
"1501";"GLASGOW";"G79";"45"
"1502";"GLASGOW";"G80";"45"
"1503";"CLYDEBANK";"G81";"45"
"1504";"DUMBARTON";"G82";"45"
"1505";"ALEXANDRIA";"G83";"45"
"1506";"ARROCHAR";"G83";"45"
"1507";"HELENSBURGH";"G84";"45"
"1508";"GLASGOW";"G9";"45"
"1509";"STORNOWAY";"HS1";"45"
"1510";"ISLE OF LEWIS";"HS2";"45"
"1511";"ISLE OF SCALPAY";"HS4";"45"
"1512";"LOCHMADDY";"HS6";"45"
"1513";"ISLE OF BENBECULA";"HS7";"45"
"1514";"LOCHBOISDALE";"HS8";"45"
"1515";"CASTLEBAY";"HS9";"45"
"1516";"KILMARNOCK";"KA1";"45"
"1517";"TROON";"KA10";"45"
"1518";"IRVINE";"KA11";"45"
"1519";"IRVINE";"KA12";"45"
"1520";"KILWINNING";"KA13";"45"
"1521";"BEITH";"KA14";"45"
"1522";"BEITH";"KA15";"45"
"1523";"NEWMILNS";"KA16";"45"
"1524";"DARVEL";"KA17";"45"
"1525";"CUMNOCK";"KA18";"45"
"1526";"MAYBOLE";"KA19";"45"
"1527";"KILMARNOCK";"KA2";"45"
"1528";"STEVENSTON";"KA20";"45"
"1529";"SALTCOATS";"KA21";"45"
"1530";"ARDROSSAN";"KA22";"45"
"1531";"WEST KILBRIDE";"KA23";"45"
"1532";"DALRY";"KA24";"45"
"1533";"KILBIRNIE";"KA25";"45"
"1534";"GIRVAN";"KA26";"45"
"1535";"BRODICK";"KA27";"45"
"1536";"MILLPORT";"KA28";"45"
"1537";"LARGS";"KA29";"45"
"1538";"KILMARNOCK";"KA3";"45"
"1539";"LARGS";"KA30";"45"
"1540";"GALSTON";"KA4";"45"
"1541";"MAUCHLINE";"KA5";"45"
"1542";"AYR";"KA6";"45"
"1543";"AYR";"KA7";"45"
"1544";"AYR";"KA8";"45"
"1545";"PRESTWICK";"KA9";"45"
"1546";"MOTHERWELL";"ML1";"45"
"1547";"STRATHAVEN";"ML10";"45"
"1548";"LANARK";"ML11";"45"
"1549";"BIGGAR";"ML12";"45"
"1550";"WISHAW";"ML2";"45"
"1551";"HAMILTON";"ML3";"45"
"1552";"BELLSHILL";"ML4";"45"
"1553";"COATBRIDGE";"ML5";"45"
"1554";"AIRDRIE";"ML6";"45"
"1555";"SHOTTS";"ML7";"45"
"1556";"CARLUKE";"ML8";"45"
"1557";"LARKHALL";"ML9";"45"
"1558";"PAISLEY";"PA1";"45"
"1559";"JOHNSTONE";"PA10";"45"
"1560";"BRIDGE OF WEIR";"PA11";"45"
"1561";"LOCHWINNOCH";"PA12";"45"
"1562";"KILMACOLM";"PA13";"45"
"1563";"PORT GLASGOW";"PA14";"45"
"1564";"GREENOCK";"PA15";"45"
"1565";"GREENOCK";"PA16";"45"
"1566";"SKELMORLIE";"PA17";"45"
"1567";"WEMYSS BAY";"PA18";"45"
"1568";"GOUROCK";"PA19";"45"
"1569";"PAISLEY";"PA2";"45"
"1570";"ROTHESAY";"PA20";"45"
"1571";"TIGHNABRUAICH";"PA21";"45"
"1572";"COLINTRAIVE";"PA22";"45"
"1573";"DUNOON";"PA23";"45"
"1574";"CAIRNDOW";"PA24";"45"
"1575";"CAIRNDOW";"PA25";"45"
"1576";"CAIRNDOW";"PA26";"45"
"1577";"CAIRNDOW";"PA27";"45"
"1578";"CAMPBELTOWN";"PA28";"45"
"1579";"TARBERT";"PA29";"45"
"1580";"PAISLEY";"PA3";"45"
"1581";"LOCHGILPHEAD";"PA30";"45"
"1582";"LOCHGILPHEAD";"PA31";"45"
"1583";"INVERARAY";"PA32";"45"
"1584";"DALMALLY";"PA33";"45"
"1585";"OBAN";"PA34";"45"
"1586";"TAYNUILT";"PA35";"45"
"1587";"BRIDGE OF ORCHY";"PA36";"45"
"1588";"OBAN";"PA37";"45"
"1589";"APPIN";"PA38";"45"
"1590";"RENFREW";"PA4";"45"
"1591";"PORT ELLEN";"PA42";"45"
"1592";"BOWMORE";"PA43";"45"
"1593";"BRIDGEND";"PA44";"45"
"1594";"BALLYGRANT";"PA45";"45"
"1595";"PORT ASKAIG";"PA46";"45"
"1596";"PORTNAHAVEN";"PA47";"45"
"1597";"PORT CHARLOTTE";"PA48";"45"
"1598";"BRUICHLADDICH";"PA49";"45"
"1599";"JOHNSTONE";"PA5";"45"
"1600";"JOHNSTONE";"PA6";"45"
"1601";"CRAIGHOUSE";"PA60";"45"
"1602";"ISLE OF COLONSAY";"PA61";"45"
"1603";"ISLE OF MULL";"PA62";"45"
"1604";"ISLE OF MULL";"PA63";"45"
"1605";"ISLE OF MULL";"PA64";"45"
"1606";"ISLE OF MULL";"PA65";"45"
"1607";"ISLE OF MULL";"PA66";"45"
"1608";"ISLE OF MULL";"PA67";"45"
"1609";"ISLE OF MULL";"PA68";"45"
"1610";"ISLE OF MULL";"PA69";"45"
"1611";"BISHOPTON";"PA7";"45"
"1612";"ISLE OF MULL";"PA70";"45"
"1613";"ISLE OF MULL";"PA71";"45"
"1614";"ISLE OF MULL";"PA72";"45"
"1615";"ISLE OF MULL";"PA73";"45"
"1616";"ISLE OF MULL";"PA74";"45"
"1617";"ISLE OF MULL";"PA75";"45"
"1618";"ISLE OF IONA";"PA76";"45"
"1619";"SCARINISH";"PA77";"45"
"1620";"ERSKINE";"PA8";"45"
"1621";"JOHNSTONE";"PA9";"45"
"1622";"ACHARACLE";"PH36";"45"
"1623";"BALLACHULISH";"PH49";"45"
"1624";"KINLOCHLEVEN";"PH50";"45"
"1625";"DUNDEE";"DD1";"46"
"1626";"MONTROSE";"DD10";"46"
"1627";"ARBROATH";"DD11";"46"
"1628";"DUNDEE";"DD2";"46"
"1629";"DUNDEE";"DD3";"46"
"1630";"DUNDEE";"DD4";"46"
"1631";"DUNDEE";"DD5";"46"
"1632";"CARNOUSTIE";"DD7";"46"
"1633";"FORFAR";"DD8";"46"
"1634";"KIRRIEMUIR";"DD8";"46"
"1635";"BRECHIN";"DD9";"46"
"1636";"PERTH";"PH1";"46"
"1637";"BLAIRGOWRIE";"PH10";"46"
"1638";"BLAIRGOWRIE";"PH11";"46"
"1639";"BLAIRGOWRIE";"PH12";"46"
"1640";"BLAIRGOWRIE";"PH13";"46"
"1641";"PERTH";"PH14";"46"
"1642";"ABERFELDY";"PH15";"46"
"1643";"PITLOCHRY";"PH16";"46"
"1644";"PITLOCHRY";"PH17";"46"
"1645";"PITLOCHRY";"PH18";"46"
"1646";"PERTH";"PH2";"46"
"1647";"AUCHTERARDER";"PH3";"46"
"1648";"AUCHTERARDER";"PH4";"46"
"1649";"CRIEFF";"PH5";"46"
"1650";"CRIEFF";"PH6";"46"
"1651";"CRIEFF";"PH7";"46"
"1652";"DUNKELD";"PH8";"46"
"1653";"PITLOCHRY";"PH9";"46"
"1654";"LUTON";"LU1";"47"
"1655";"LUTON";"LU2";"47"
"1656";"LUTON";"LU3";"47"
"1657";"LUTON";"LU4";"47"
"1658";"DUNSTABLE";"LU5";"47"
"1659";"DUNSTABLE";"LU6";"47"
"1660";"LEIGHTON BUZZARD";"LU7";"47"
"1661";"BEDFORD";"MK40";"47"
"1662";"BEDFORD";"MK41";"47"
"1663";"BEDFORD";"MK42";"47"
"1664";"BEDFORD";"MK43";"47"
"1665";"BEDFORD";"MK44";"47"
"1666";"BEDFORD";"MK45";"47"
"1667";"ARLESEY";"SG15";"47"
"1668";"HENLOW";"SG16";"47"
"1669";"SHEFFORD";"SG17";"47"
"1670";"BIGGLESWADE";"SG18";"47"
"1671";"SANDY";"SG19";"47"
"1672";"SANDHURST";"GU47";"48"
"1673";"READING";"RG1";"48"
"1674";"READING";"RG10";"48"
"1675";"BRACKNELL";"RG12";"48"
"1676";"NEWBURY";"RG14";"48"
"1677";"HUNGERFORD";"RG17";"48"
"1678";"THATCHAM";"RG18";"48"
"1679";"THATCHAM";"RG19";"48"
"1680";"READING";"RG2";"48"
"1681";"NEWBURY";"RG20";"48"
"1682";"READING";"RG30";"48"
"1683";"READING";"RG31";"48"
"1684";"READING";"RG4";"48"
"1685";"WOKINGHAM";"RG40";"48"
"1686";"WOKINGHAM";"RG41";"48"
"1687";"BRACKNELL";"RG42";"48"
"1688";"CROWTHORNE";"RG45";"48"
"1689";"WOKINGHAM";"RG45";"48"
"1690";"READING";"RG5";"48"
"1691";"READING";"RG6";"48"
"1692";"READING";"RG7";"48"
"1693";"READING";"RG8";"48"
"1694";"SLOUGH";"SL1";"48"
"1695";"SLOUGH";"SL2";"48"
"1696";"SLOUGH";"SL3";"48"
"1697";"WINDSOR";"SL4";"48"
"1698";"ASCOT";"SL5";"48"
"1699";"MAIDENHEAD";"SL6";"48"
"1700";"HIGH WYCOMBE";"HP10";"49"
"1701";"HIGH WYCOMBE";"HP11";"49"
"1702";"HIGH WYCOMBE";"HP12";"49"
"1703";"HIGH WYCOMBE";"HP13";"49"
"1704";"HIGH WYCOMBE";"HP14";"49"
"1705";"HIGH WYCOMBE";"HP15";"49"
"1706";"GREAT MISSENDEN";"HP16";"49"
"1707";"AYLESBURY";"HP17";"49"
"1708";"AYLESBURY";"HP18";"49"
"1709";"AYLESBURY";"HP19";"49"
"1710";"AYLESBURY";"HP20";"49"
"1711";"AYLESBURY";"HP21";"49"
"1712";"AYLESBURY";"HP22";"49"
"1713";"PRINCES RISBOROUGH";"HP27";"49"
"1714";"CHESHAM";"HP5";"49"
"1715";"AMERSHAM";"HP6";"49"
"1716";"AMERSHAM";"HP7";"49"
"1717";"CHALFONT ST GILES";"HP8";"49"
"1718";"BEACONSFIELD";"HP9";"49"
"1719";"MILTON KEYNES";"MK1";"49"
"1720";"MILTON KEYNES";"MK10";"49"
"1721";"MILTON KEYNES";"MK11";"49"
"1722";"MILTON KEYNES";"MK12";"49"
"1723";"MILTON KEYNES";"MK13";"49"
"1724";"MILTON KEYNES";"MK14";"49"
"1725";"MILTON KEYNES";"MK15";"49"
"1726";"NEWPORT PAGNELL";"MK16";"49"
"1727";"MILTON KEYNES";"MK17";"49"
"1728";"BUCKINGHAM";"MK18";"49"
"1729";"MILTON KEYNES";"MK19";"49"
"1730";"MILTON KEYNES";"MK2";"49"
"1731";"MILTON KEYNES";"MK3";"49"
"1732";"MILTON KEYNES";"MK4";"49"
"1733";"OLNEY";"MK46";"49"
"1734";"MILTON KEYNES";"MK5";"49"
"1735";"MILTON KEYNES";"MK6";"49"
"1736";"MILTON KEYNES";"MK7";"49"
"1737";"MILTON KEYNES";"MK8";"49"
"1738";"MILTON KEYNES";"MK9";"49"
"1739";"IVER";"SL0";"49"
"1740";"MARLOW";"SL7";"49"
"1741";"BOURNE END";"SL8";"49"
"1742";"GERRARDS CROSS";"SL9";"49"
"1743";"BRIGHTON";"BN1";"50"
"1744";"BRIGHTON";"BN2";"50"
"1745";"EASTBOURNE";"BN20";"50"
"1746";"EASTBOURNE";"BN21";"50"
"1747";"EASTBOURNE";"BN22";"50"
"1748";"EASTBOURNE";"BN23";"50"
"1749";"PEVENSEY";"BN24";"50"
"1750";"SEAFORD";"BN25";"50"
"1751";"POLEGATE";"BN26";"50"
"1752";"HAILSHAM";"BN27";"50"
"1753";"HOVE";"BN3";"50"
"1754";"BRIGHTON";"BN41";"50"
"1755";"BRIGHTON";"BN42";"50"
"1756";"BRIGHTON";"BN45";"50"
"1757";"LEWES";"BN7";"50"
"1758";"LEWES";"BN8";"50"
"1759";"NEWHAVEN";"BN9";"50"
"1760";"FOREST ROW";"RH18";"50"
"1761";"ETCHINGHAM";"TN19";"50"
"1762";"MAYFIELD";"TN20";"50"
"1763";"HEATHFIELD";"TN21";"50"
"1764";"UCKFIELD";"TN22";"50"
"1765";"RYE";"TN31";"50"
"1766";"ROBERTSBRIDGE";"TN32";"50"
"1767";"BATTLE";"TN33";"50"
"1768";"HASTINGS";"TN34";"50"
"1769";"HASTINGS";"TN35";"50"
"1770";"WINCHELSEA";"TN36";"50"
"1771";"ST LEONARDS-ON-SEA";"TN37";"50"
"1772";"ST LEONARDS-ON-SEA";"TN38";"50"
"1773";"BEXHILL-ON-SEA";"TN39";"50"
"1774";"BEXHILL-ON-SEA";"TN40";"50"
"1775";"WADHURST";"TN5";"50"
"1776";"CROWBOROUGH";"TN6";"50"
"1777";"HARTFIELD";"TN7";"50"
"1778";"SAFFRON WALDEN";"CB10";"51"
"1779";"SAFFRON WALDEN";"CB11";"51"
"1780";"BURNHAM-ON-CROUCH";"CM0";"51"
"1781";"SOUTHMINSTER";"CM0";"51"
"1782";"CHELMSFORD";"CM1";"51"
"1783";"BILLERICAY";"CM11";"51"
"1784";"BILLERICAY";"CM12";"51"
"1785";"BRENTWOOD";"CM13";"51"
"1786";"BRENTWOOD";"CM14";"51"
"1787";"BRENTWOOD";"CM15";"51"
"1788";"EPPING";"CM16";"51"
"1789";"HARLOW";"CM17";"51"
"1790";"HARLOW";"CM18";"51"
"1791";"HARLOW";"CM19";"51"
"1792";"CHELMSFORD";"CM2";"51"
"1793";"HARLOW";"CM20";"51"
"1794";"STANSTED";"CM24";"51"
"1795";"CHELMSFORD";"CM3";"51"
"1796";"INGATESTONE";"CM4";"51"
"1797";"ONGAR";"CM5";"51"
"1798";"DUNMOW";"CM6";"51"
"1799";"BRAINTREE";"CM7";"51"
"1800";"WITHAM";"CM8";"51"
"1801";"MALDON";"CM9";"51"
"1802";"CHELMSFORD";"CM99";"51"
"1803";"COLCHESTER";"CO1";"51"
"1804";"MANNINGTREE";"CO11";"51"
"1805";"HARWICH";"CO12";"51"
"1806";"FRINTON-ON-SEA";"CO13";"51"
"1807";"WALTON ON THE NAZE";"CO14";"51"
"1808";"CLACTON-ON-SEA";"CO15";"51"
"1809";"CLACTON-ON-SEA";"CO16";"51"
"1810";"COLCHESTER";"CO2";"51"
"1811";"COLCHESTER";"CO3";"51"
"1812";"COLCHESTER";"CO4";"51"
"1813";"COLCHESTER";"CO5";"51"
"1814";"COLCHESTER";"CO6";"51"
"1815";"COLCHESTER";"CO7";"51"
"1816";"HALSTEAD";"CO9";"51"
"1817";"WALTHAM ABBEY";"EN9";"51"
"1818";"ILFORD";"IG1";"51"
"1819";"LOUGHTON";"IG10";"51"
"1820";"BARKING";"IG11";"51"
"1821";"ILFORD";"IG2";"51"
"1822";"ILFORD";"IG3";"51"
"1823";"ILFORD";"IG4";"51"
"1824";"ILFORD";"IG5";"51"
"1825";"ILFORD";"IG6";"51"
"1826";"CHIGWELL";"IG7";"51"
"1827";"WOODFORD GREEN";"IG8";"51"
"1828";"BUCKHURST HILL";"IG9";"51"
"1829";"ROMFORD";"RM1";"51"
"1830";"DAGENHAM";"RM10";"51"
"1831";"HORNCHURCH";"RM11";"51"
"1832";"HORNCHURCH";"RM12";"51"
"1833";"RAINHAM";"RM13";"51"
"1834";"UPMINSTER";"RM14";"51"
"1835";"SOUTH OCKENDON";"RM15";"51"
"1836";"GRAYS";"RM16";"51"
"1837";"GRAYS";"RM17";"51"
"1838";"TILBURY";"RM18";"51"
"1839";"PURFLEET";"RM19";"51"
"1840";"ROMFORD";"RM2";"51"
"1841";"GRAYS";"RM20";"51"
"1842";"ROMFORD";"RM3";"51"
"1843";"ROMFORD";"RM4";"51"
"1844";"ROMFORD";"RM5";"51"
"1845";"ROMFORD";"RM50";"51"
"1846";"ROMFORD";"RM6";"51"
"1847";"ROMFORD";"RM7";"51"
"1848";"DAGENHAM";"RM8";"51"
"1849";"DAGENHAM";"RM9";"51"
"1850";"WESTCLIFF-ON-SEA";"SS0";"51"
"1851";"SOUTHEND-ON-SEA";"SS1";"51"
"1852";"WICKFORD";"SS11";"51"
"1853";"WICKFORD";"SS12";"51"
"1854";"BASILDON";"SS13";"51"
"1855";"BASILDON";"SS14";"51"
"1856";"BASILDON";"SS15";"51"
"1857";"BASILDON";"SS16";"51"
"1858";"STANFORD-LE-HOPE";"SS17";"51"
"1859";"SOUTHEND-ON-SEA";"SS2";"51"
"1860";"SOUTHEND-ON-SEA";"SS22";"51"
"1861";"SOUTHEND-ON-SEA";"SS3";"51"
"1862";"ROCHFORD";"SS4";"51"
"1863";"HOCKLEY";"SS5";"51"
"1864";"RAYLEIGH";"SS6";"51"
"1865";"BENFLEET";"SS7";"51"
"1866";"CANVEY ISLAND";"SS8";"51"
"1867";"LEIGH-ON-SEA";"SS9";"51"
"1868";"SOUTHEND-ON-SEA";"SS99";"51"
"1869";"RINGWOOD";"BH24";"52"
"1870";"NEW MILTON";"BH25";"52"
"1871";"ALDERSHOT";"GU11";"52"
"1872";"ALDERSHOT";"GU12";"52"
"1873";"FLEET";"GU13";"52"
"1874";"FARNBOROUGH";"GU14";"52"
"1875";"LIPHOOK";"GU30";"52"
"1876";"PETERSFIELD";"GU31";"52"
"1877";"PETERSFIELD";"GU32";"52"
"1878";"LISS";"GU33";"52"
"1879";"ALTON";"GU34";"52"
"1880";"BORDON";"GU35";"52"
"1881";"YATELEY";"GU46";"52"
"1882";"FLEET";"GU51";"52"
"1883";"PORTSMOUTH";"PO1";"52"
"1884";"EMSWORTH";"PO10";"52"
"1885";"HAYLING ISLAND";"PO11";"52"
"1886";"GOSPORT";"PO12";"52"
"1887";"GOSPORT";"PO13";"52"
"1888";"LEE-ON-THE-SOLENT";"PO13";"52"
"1889";"FAREHAM";"PO14";"52"
"1890";"FAREHAM";"PO15";"52"
"1891";"FAREHAM";"PO16";"52"
"1892";"FAREHAM";"PO17";"52"
"1893";"PORTSMOUTH";"PO2";"52"
"1894";"PORTSMOUTH";"PO3";"52"
"1895";"SOUTHSEA";"PO4";"52"
"1896";"SOUTHSEA";"PO5";"52"
"1897";"PORTSMOUTH";"PO6";"52"
"1898";"WATERLOOVILLE";"PO7";"52"
"1899";"WATERLOOVILLE";"PO8";"52"
"1900";"HAVANT";"PO9";"52"
"1901";"ROWLAND S CASTLE";"PO9";"52"
"1902";"BASINGSTOKE";"RG21";"52"
"1903";"BASINGSTOKE";"RG22";"52"
"1904";"BASINGSTOKE";"RG23";"52"
"1905";"BASINGSTOKE";"RG24";"52"
"1906";"BASINGSTOKE";"RG25";"52"
"1907";"TADLEY";"RG26";"52"
"1908";"HOOK";"RG27";"52"
"1909";"WHITCHURCH";"RG28";"52"
"1910";"HOOK";"RG29";"52"
"1911";"SOUTHAMPTON";"SO14";"52"
"1912";"SOUTHAMPTON";"SO15";"52"
"1913";"SOUTHAMPTON";"SO16";"52"
"1914";"SOUTHAMPTON";"SO17";"52"
"1915";"SOUTHAMPTON";"SO18";"52"
"1916";"SOUTHAMPTON";"SO19";"52"
"1917";"STOCKBRIDGE";"SO20";"52"
"1918";"WINCHESTER";"SO21";"52"
"1919";"WINCHESTER";"SO22";"52"
"1920";"WINCHESTER";"SO23";"52"
"1921";"ALRESFORD";"SO24";"52"
"1922";"SOUTHAMPTON";"SO30";"52"
"1923";"SOUTHAMPTON";"SO31";"52"
"1924";"SOUTHAMPTON";"SO32";"52"
"1925";"SOUTHAMPTON";"SO40";"52"
"1926";"LYMINGTON";"SO41";"52"
"1927";"BROCKENHURST";"SO42";"52"
"1928";"LYNDHURST";"SO43";"52"
"1929";"SOUTHAMPTON";"SO45";"52"
"1930";"EASTLEIGH";"SO50";"52"
"1931";"ROMSEY";"SO51";"52"
"1932";"SOUTHAMPTON";"SO52";"52"
"1933";"EASTLEIGH";"SO53";"52"
"1934";"ANDOVER";"SP10";"52"
"1935";"ANDOVER";"SP11";"52"
"1936";"FORDINGBRIDGE";"SP6";"52"
"1937";"TIDWORTH";"SP9";"52"
"1938";"ST ALBANS";"AL1";"53"
"1939";"HATFIELD";"AL10";"53"
"1940";"ST ALBANS";"AL3";"53"
"1941";"ST ALBANS";"AL4";"53"
"1942";"HARPENDEN";"AL5";"53"
"1943";"WELWYN";"AL6";"53"
"1944";"WELWYN GARDEN CITY";"AL7";"53"
"1945";"WELWYN GARDEN CITY";"AL8";"53"
"1946";"HATFIELD";"AL9";"53"
"1947";"SAWBRIDGEWORTH";"CM21";"53"
"1948";"BISHOP S STORTFORD";"CM22";"53"
"1949";"BISHOP S STORTFORD";"CM23";"53"
"1950";"BROXBOURNE";"EN10";"53"
"1951";"HODDESDON";"EN11";"53"
"1952";"BARNET";"EN4";"53"
"1953";"BARNET";"EN5";"53"
"1954";"POTTERS BAR";"EN6";"53"
"1955";"WALTHAM CROSS";"EN7";"53"
"1956";"WALTHAM CROSS";"EN8";"53"
"1957";"HEMEL HEMPSTEAD";"HP1";"53"
"1958";"HEMEL HEMPSTEAD";"HP2";"53"
"1959";"TRING";"HP23";"53"
"1960";"HEMEL HEMPSTEAD";"HP3";"53"
"1961";"BERKHAMSTED";"HP4";"53"
"1962";"STEVENAGE";"SG1";"53"
"1963";"MUCH HADHAM";"SG10";"53"
"1964";"WARE";"SG11";"53"
"1965";"WARE";"SG12";"53"
"1966";"HERTFORD";"SG13";"53"
"1967";"HERTFORD";"SG14";"53"
"1968";"STEVENAGE";"SG2";"53"
"1969";"KNEBWORTH";"SG3";"53"
"1970";"HITCHIN";"SG4";"53"
"1971";"HITCHIN";"SG5";"53"
"1972";"LETCHWORTH";"SG6";"53"
"1973";"BALDOCK";"SG7";"53"
"1974";"ROYSTON";"SG8";"53"
"1975";"BUNTINGFORD";"SG9";"53"
"1976";"WATFORD";"WD17";"53"
"1977";"WATFORD";"WD18";"53"
"1978";"WATFORD";"WD19";"53"
"1979";"BUSHEY";"WD23";"53"
"1980";"WATFORD";"WD24";"53"
"1981";"WATFORD";"WD25";"53"
"1982";"RICKMANSWORTH";"WD3";"53"
"1983";"KINGS LANGLEY";"WD4";"53"
"1984";"ABBOTS LANGLEY";"WD5";"53"
"1985";"BOREHAMWOOD";"WD6";"53"
"1986";"RADLETT";"WD7";"53"
"1987";"NEWPORT";"PO30";"54"
"1988";"COWES";"PO31";"54"
"1989";"EAST COWES";"PO32";"54"
"1990";"RYDE";"PO33";"54"
"1991";"SEAVIEW";"PO34";"54"
"1992";"BEMBRIDGE";"PO35";"54"
"1993";"SANDOWN";"PO36";"54"
"1994";"SHANKLIN";"PO37";"54"
"1995";"VENTNOR";"PO38";"54"
"1996";"TOTLAND BAY";"PO39";"54"
"1997";"FRESHWATER";"PO40";"54"
"1998";"YARMOUTH";"PO41";"54"
"1999";"BROMLEY";"BR1";"55"
"2000";"BROMLEY";"BR2";"55"
"2001";"KESTON";"BR2";"55"
"2002";"BECKENHAM";"BR3";"55"
"2003";"WEST WICKHAM";"BR4";"55"
"2004";"ORPINGTON";"BR6";"55"
"2005";"CHISLEHURST";"BR7";"55"
"2006";"SWANLEY";"BR8";"55"
"2007";"CANTERBURY";"CT1";"55"
"2008";"BROADSTAIRS";"CT10";"55"
"2009";"RAMSGATE";"CT11";"55"
"2010";"RAMSGATE";"CT12";"55"
"2011";"SANDWICH";"CT13";"55"
"2012";"DEAL";"CT14";"55"
"2013";"DOVER";"CT15";"55"
"2014";"DOVER";"CT16";"55"
"2015";"DOVER";"CT17";"55"
"2016";"FOLKESTONE";"CT18";"55"
"2017";"FOLKESTONE";"CT19";"55"
"2018";"CANTERBURY";"CT2";"55"
"2019";"FOLKESTONE";"CT20";"55"
"2020";"HYTHE";"CT21";"55"
"2021";"CANTERBURY";"CT3";"55"
"2022";"CANTERBURY";"CT4";"55"
"2023";"WHITSTABLE";"CT5";"55"
"2024";"HERNE BAY";"CT6";"55"
"2025";"BIRCHINGTON";"CT7";"55"
"2026";"WESTGATE-ON-SEA";"CT8";"55"
"2027";"MARGATE";"CT9";"55"
"2028";"DARTFORD";"DA1";"55"
"2029";"SWANSCOMBE";"DA10";"55"
"2030";"GRAVESEND";"DA11";"55"
"2031";"GRAVESEND";"DA12";"55"
"2032";"GRAVESEND";"DA13";"55"
"2033";"SIDCUP";"DA14";"55"
"2034";"SIDCUP";"DA15";"55"
"2035";"WELLING";"DA16";"55"
"2036";"BELVEDERE";"DA17";"55"
"2037";"ERITH";"DA18";"55"
"2038";"DARTFORD";"DA2";"55"
"2039";"LONGFIELD";"DA3";"55"
"2040";"DARTFORD";"DA4";"55"
"2041";"BEXLEY";"DA5";"55"
"2042";"BEXLEYHEATH";"DA6";"55"
"2043";"BEXLEYHEATH";"DA7";"55"
"2044";"ERITH";"DA8";"55"
"2045";"GREENHITHE";"DA9";"55"
"2046";"ROCHESTER";"ME1";"55"
"2047";"SITTINGBOURNE";"ME10";"55"
"2048";"QUEENBOROUGH";"ME11";"55"
"2049";"SHEERNESS";"ME12";"55"
"2050";"FAVERSHAM";"ME13";"55"
"2051";"MAIDSTONE";"ME14";"55"
"2052";"MAIDSTONE";"ME15";"55"
"2053";"MAIDSTONE";"ME16";"55"
"2054";"MAIDSTONE";"ME17";"55"
"2055";"MAIDSTONE";"ME18";"55"
"2056";"WEST MALLING";"ME19";"55"
"2057";"ROCHESTER";"ME2";"55"
"2058";"AYLESFORD";"ME20";"55"
"2059";"ROCHESTER";"ME3";"55"
"2060";"CHATHAM";"ME4";"55"
"2061";"CHATHAM";"ME5";"55"
"2062";"SNODLAND";"ME6";"55"
"2063";"GILLINGHAM";"ME7";"55"
"2064";"GILLINGHAM";"ME8";"55"
"2065";"SITTINGBOURNE";"ME9";"55"
"2066";"TUNBRIDGE WELLS";"TN1";"55"
"2067";"TONBRIDGE";"TN10";"55"
"2068";"TONBRIDGE";"TN11";"55"
"2069";"TONBRIDGE";"TN12";"55"
"2070";"SEVENOAKS";"TN13";"55"
"2071";"SEVENOAKS";"TN14";"55"
"2072";"SEVENOAKS";"TN15";"55"
"2073";"WESTERHAM";"TN16";"55"
"2074";"CRANBROOK";"TN17";"55"
"2075";"CRANBROOK";"TN18";"55"
"2076";"TUNBRIDGE WELLS";"TN2";"55"
"2077";"ASHFORD";"TN23";"55"
"2078";"ASHFORD";"TN24";"55"
"2079";"ASHFORD";"TN25";"55"
"2080";"ASHFORD";"TN26";"55"
"2081";"ASHFORD";"TN27";"55"
"2082";"NEW ROMNEY";"TN28";"55"
"2083";"ROMNEY MARSH";"TN29";"55"
"2084";"TUNBRIDGE WELLS";"TN3";"55"
"2085";"TENTERDEN";"TN30";"55"
"2086";"TUNBRIDGE WELLS";"TN4";"55"
"2087";"EDENBRIDGE";"TN8";"55"
"2088";"TONBRIDGE";"TN9";"55"
"2089";"ENFIELD";"EN1";"56"
"2090";"ENFIELD";"EN2";"56"
"2091";"ENFIELD";"EN3";"56"
"2092";"WEMBLEY";"HA0";"56"
"2093";"HARROW";"HA1";"56"
"2094";"HARROW";"HA2";"56"
"2095";"HARROW";"HA3";"56"
"2096";"RUISLIP";"HA4";"56"
"2097";"PINNER";"HA5";"56"
"2098";"NORTHWOOD";"HA6";"56"
"2099";"STANMORE";"HA7";"56"
"2100";"EDGWARE";"HA8";"56"
"2101";"WEMBLEY";"HA9";"56"
"2102";"TWICKENHAM";"TW1";"56"
"2103";"TEDDINGTON";"TW11";"56"
"2104";"HAMPTON";"TW12";"56"
"2105";"FELTHAM";"TW13";"56"
"2106";"FELTHAM";"TW14";"56"
"2107";"ASHFORD";"TW15";"56"
"2108";"SUNBURY-ON-THAMES";"TW16";"56"
"2109";"SHEPPERTON";"TW17";"56"
"2110";"STAINES";"TW18";"56"
"2111";"STAINES";"TW19";"56"
"2112";"TWICKENHAM";"TW2";"56"
"2113";"HOUNSLOW";"TW3";"56"
"2114";"HOUNSLOW";"TW4";"56"
"2115";"HOUNSLOW";"TW5";"56"
"2116";"HOUNSLOW";"TW6";"56"
"2117";"ISLEWORTH";"TW7";"56"
"2118";"BRENTFORD";"TW8";"56"
"2119";"SOUTHALL";"UB1";"56"
"2120";"UXBRIDGE";"UB10";"56"
"2121";"UXBRIDGE";"UB11";"56"
"2122";"SOUTHALL";"UB2";"56"
"2123";"HAYES";"UB3";"56"
"2124";"HAYES";"UB4";"56"
"2125";"NORTHOLT";"UB5";"56"
"2126";"GREENFORD";"UB6";"56"
"2127";"WEST DRAYTON";"UB7";"56"
"2128";"UXBRIDGE";"UB8";"56"
"2129";"UXBRIDGE";"UB9";"56"
"2130";"OXFORD";"OX1";"57"
"2131";"WALLINGFORD";"OX10";"57"
"2132";"DIDCOT";"OX11";"57"
"2133";"WANTAGE";"OX12";"57"
"2134";"ABINGDON";"OX13";"57"
"2135";"ABINGDON";"OX14";"57"
"2136";"BANBURY";"OX15";"57"
"2137";"BANBURY";"OX16";"57"
"2138";"BANBURY";"OX17";"57"
"2139";"BAMPTON";"OX18";"57"
"2140";"BURFORD";"OX18";"57"
"2141";"CARTERTON";"OX18";"57"
"2142";"OXFORD";"OX2";"57"
"2143";"WOODSTOCK";"OX20";"57"
"2144";"BICESTER";"OX25";"57"
"2145";"BICESTER";"OX26";"57"
"2146";"BICESTER";"OX27";"57"
"2147";"OXFORD";"OX3";"57"
"2148";"OXFORD";"OX33";"57"
"2149";"CHINNOR";"OX39";"57"
"2150";"OXFORD";"OX4";"57"
"2151";"OXFORD";"OX44";"57"
"2152";"WATLINGTON";"OX49";"57"
"2153";"KIDLINGTON";"OX5";"57"
"2154";"CHIPPING NORTON";"OX7";"57"
"2155";"WITNEY";"OX8";"57"
"2156";"THAME";"OX9";"57"
"2157";"HENLEY-ON-THAMES";"RG9";"57"
"2158";"FARINGDON";"SN7";"57"
"2159";"CROYDON";"CR0";"58"
"2160";"SOUTH CROYDON";"CR2";"58"
"2161";"CATERHAM";"CR3";"58"
"2162";"WHYTELEAFE";"CR3";"58"
"2163";"MITCHAM";"CR4";"58"
"2164";"COULSDON";"CR5";"58"
"2165";"WARLINGHAM";"CR6";"58"
"2166";"THORNTON HEATH";"CR7";"58"
"2167";"KENLEY";"CR8";"58"
"2168";"PURLEY";"CR8";"58"
"2169";"CROYDON";"CR9";"58"
"2170";"GUILDFORD";"GU1";"58"
"2171";"FARNHAM";"GU10";"58"
"2172";"CAMBERLEY";"GU15";"58"
"2173";"CAMBERLEY";"GU16";"58"
"2174";"CAMBERLEY";"GU17";"58"
"2175";"LIGHTWATER";"GU18";"58"
"2176";"BAGSHOT";"GU19";"58"
"2177";"GUILDFORD";"GU2";"58"
"2178";"WINDLESHAM";"GU20";"58"
"2179";"WOKING";"GU21";"58"
"2180";"WOKING";"GU22";"58"
"2181";"WOKING";"GU23";"58"
"2182";"WOKING";"GU24";"58"
"2183";"VIRGINIA WATER";"GU25";"58"
"2184";"HINDHEAD";"GU26";"58"
"2185";"HASLEMERE";"GU27";"58"
"2186";"GUILDFORD";"GU3";"58"
"2187";"GUILDFORD";"GU4";"58"
"2188";"GUILDFORD";"GU5";"58"
"2189";"CRANLEIGH";"GU6";"58"
"2190";"GODALMING";"GU7";"58"
"2191";"GODALMING";"GU8";"58"
"2192";"FARNHAM";"GU9";"58"
"2193";"CAMBERLEY";"GU95";"58"
"2194";"KINGSTON UPON THAMES";"KT1";"58"
"2195";"ESHER";"KT10";"58"
"2196";"COBHAM";"KT11";"58"
"2197";"WALTON-ON-THAMES";"KT12";"58"
"2198";"WEYBRIDGE";"KT13";"58"
"2199";"WEST BYFLEET";"KT14";"58"
"2200";"ADDLESTONE";"KT15";"58"
"2201";"CHERTSEY";"KT16";"58"
"2202";"EPSOM";"KT17";"58"
"2203";"EPSOM";"KT18";"58"
"2204";"EPSOM";"KT19";"58"
"2205";"KINGSTON UPON THAMES";"KT2";"58"
"2206";"TADWORTH";"KT20";"58"
"2207";"ASHTEAD";"KT21";"58"
"2208";"LEATHERHEAD";"KT22";"58"
"2209";"LEATHERHEAD";"KT23";"58"
"2210";"LEATHERHEAD";"KT24";"58"
"2211";"NEW MALDEN";"KT3";"58"
"2212";"WORCESTER PARK";"KT4";"58"
"2213";"SURBITON";"KT5";"58"
"2214";"SURBITON";"KT6";"58"
"2215";"THAMES DITTON";"KT7";"58"
"2216";"EAST MOLESEY";"KT8";"58"
"2217";"WEST MOLESEY";"KT8";"58"
"2218";"CHESSINGTON";"KT9";"58"
"2219";"REDHILL";"RH1";"58"
"2220";"REIGATE";"RH2";"58"
"2221";"BETCHWORTH";"RH3";"58"
"2222";"DORKING";"RH4";"58"
"2223";"DORKING";"RH5";"58"
"2224";"HORLEY";"RH6";"58"
"2225";"LINGFIELD";"RH7";"58"
"2226";"OXTED";"RH8";"58"
"2227";"GODSTONE";"RH9";"58"
"2228";"SUTTON";"SM1";"58"
"2229";"SUTTON";"SM2";"58"
"2230";"SUTTON";"SM3";"58"
"2231";"MORDEN";"SM4";"58"
"2232";"CARSHALTON";"SM5";"58"
"2233";"WALLINGTON";"SM6";"58"
"2234";"BANSTEAD";"SM7";"58"
"2235";"RICHMOND";"TW10";"58"
"2236";"EGHAM";"TW20";"58"
"2237";"RICHMOND";"TW9";"58"
"2238";"WORTHING";"BN11";"59"
"2239";"WORTHING";"BN12";"59"
"2240";"WORTHING";"BN13";"59"
"2241";"WORTHING";"BN14";"59"
"2242";"LANCING";"BN15";"59"
"2243";"LITTLEHAMPTON";"BN16";"59"
"2244";"LITTLEHAMPTON";"BN17";"59"
"2245";"ARUNDEL";"BN18";"59"
"2246";"SHOREHAM-BY-SEA";"BN43";"59"
"2247";"STEYNING";"BN44";"59"
"2248";"HENFIELD";"BN5";"59"
"2249";"HASSOCKS";"BN6";"59"
"2250";"LANCING";"BN99";"59"
"2251";"WORTHING";"BN99";"59"
"2252";"PETWORTH";"GU28";"59"
"2253";"MIDHURST";"GU29";"59"
"2254";"CHICHESTER";"PO18";"59"
"2255";"CHICHESTER";"PO19";"59"
"2256";"CHICHESTER";"PO20";"59"
"2257";"BOGNOR REGIS";"PO21";"59"
"2258";"BOGNOR REGIS";"PO22";"59"
"2259";"CRAWLEY";"RH10";"59"
"2260";"CRAWLEY";"RH11";"59"
"2261";"HORSHAM";"RH12";"59"
"2262";"HORSHAM";"RH13";"59"
"2263";"BILLINGSHURST";"RH14";"59"
"2264";"BURGESS HILL";"RH15";"59"
"2265";"HAYWARDS HEATH";"RH16";"59"
"2266";"HAYWARDS HEATH";"RH17";"59"
"2267";"EAST GRINSTEAD";"RH19";"59"
"2268";"PULBOROUGH";"RH20";"59"
"2269";"GATWICK";"RH6";"59"
"2270";"GUERNSEY";"GY1";"61"
"2271";"GUERNSEY";"GY2";"61"
"2272";"GUERNSEY";"GY3";"61"
"2273";"GUERNSEY";"GY4";"61"
"2274";"GUERNSEY";"GY5";"61"
"2275";"GUERNSEY";"GY6";"61"
"2276";"GUERNSEY";"GY7";"61"
"2277";"GUERNSEY";"GY8";"61"
"2278";"GUERNSEY";"GY9";"61"
"2279";"JERSEY";"JE1";"61"
"2280";"JERSEY";"JE2";"61"
"2281";"JERSEY";"JE3";"61"
"2282";"JERSEY";"JE4";"61"
"2283";"BUDE";"EX23";"62"
"2284";"TORPOINT";"PL10";"62"
"2285";"TORPOINT";"PL11";"62"
"2286";"SALTASH";"PL12";"62"
"2287";"LOOE";"PL13";"62"
"2288";"LISKEARD";"PL14";"62"
"2289";"LAUNCESTON";"PL15";"62"
"2290";"CALLINGTON";"PL17";"62"
"2291";"CALSTOCK";"PL18";"62"
"2292";"GUNNISLAKE";"PL18";"62"
"2293";"LOSTWITHIEL";"PL22";"62"
"2294";"FOWEY";"PL23";"62"
"2295";"PAR";"PL24";"62"
"2296";"ST AUSTELL";"PL25";"62"
"2297";"ST AUSTELL";"PL26";"62"
"2298";"WADEBRIDGE";"PL27";"62"
"2299";"PADSTOW";"PL28";"62"
"2300";"PORT ISAAC";"PL29";"62"
"2301";"BODMIN";"PL30";"62"
"2302";"BODMIN";"PL31";"62"
"2303";"CAMELFORD";"PL32";"62"
"2304";"DELABOLE";"PL33";"62"
"2305";"TINTAGEL";"PL34";"62"
"2306";"BOSCASTLE";"PL35";"62"
"2307";"TRURO";"TR1";"62"
"2308";"PENRYN";"TR10";"62"
"2309";"FALMOUTH";"TR11";"62"
"2310";"HELSTON";"TR12";"62"
"2311";"HELSTON";"TR13";"62"
"2312";"CAMBORNE";"TR14";"62"
"2313";"REDRUTH";"TR15";"62"
"2314";"REDRUTH";"TR16";"62"
"2315";"MARAZION";"TR17";"62"
"2316";"PENZANCE";"TR18";"62"
"2317";"PENZANCE";"TR19";"62"
"2318";"TRURO";"TR2";"62"
"2319";"PENZANCE";"TR20";"62"
"2320";"ST IVES";"TR26";"62"
"2321";"HAYLE";"TR27";"62"
"2322";"TRURO";"TR3";"62"
"2323";"TRURO";"TR4";"62"
"2324";"ST AGNES";"TR5";"62"
"2325";"PERRANPORTH";"TR6";"62"
"2326";"NEWQUAY";"TR7";"62"
"2327";"NEWQUAY";"TR8";"62"
"2328";"ST COLUMB";"TR9";"62"
"2329";"PENZANCE";"TR93";"62"
"2330";"EXETER";"EX1";"63"
"2331";"SIDMOUTH";"EX10";"63"
"2332";"OTTERY ST MARY";"EX11";"63"
"2333";"SEATON";"EX12";"63"
"2334";"AXMINSTER";"EX13";"63"
"2335";"HONITON";"EX14";"63"
"2336";"CULLOMPTON";"EX15";"63"
"2337";"TIVERTON";"EX16";"63"
"2338";"CREDITON";"EX17";"63"
"2339";"CHULMLEIGH";"EX18";"63"
"2340";"WINKLEIGH";"EX19";"63"
"2341";"EXETER";"EX2";"63"
"2342";"NORTH TAWTON";"EX20";"63"
"2343";"OKEHAMPTON";"EX20";"63"
"2344";"BEAWORTHY";"EX21";"63"
"2345";"HOLSWORTHY";"EX22";"63"
"2346";"COLYTON";"EX24";"63"
"2347";"EXETER";"EX3";"63"
"2348";"BARNSTAPLE";"EX31";"63"
"2349";"BARNSTAPLE";"EX32";"63"
"2350";"BRAUNTON";"EX33";"63"
"2351";"ILFRACOMBE";"EX34";"63"
"2352";"WOOLACOMBE";"EX34";"63"
"2353";"LYNMOUTH";"EX35";"63"
"2354";"LYNTON";"EX35";"63"
"2355";"SOUTH MOLTON";"EX36";"63"
"2356";"UMBERLEIGH";"EX37";"63"
"2357";"TORRINGTON";"EX38";"63"
"2358";"BIDEFORD";"EX39";"63"
"2359";"EXETER";"EX4";"63"
"2360";"EXETER";"EX5";"63"
"2361";"EXETER";"EX6";"63"
"2362";"DAWLISH";"EX7";"63"
"2363";"EXMOUTH";"EX8";"63"
"2364";"BUDLEIGH SALTERTON";"EX9";"63"
"2365";"PLYMOUTH";"PL1";"63"
"2366";"LIFTON";"PL16";"63"
"2367";"TAVISTOCK";"PL19";"63"
"2368";"PLYMOUTH";"PL2";"63"
"2369";"YELVERTON";"PL20";"63"
"2370";"IVYBRIDGE";"PL21";"63"
"2371";"PLYMOUTH";"PL3";"63"
"2372";"PLYMOUTH";"PL4";"63"
"2373";"PLYMOUTH";"PL5";"63"
"2374";"PLYMOUTH";"PL6";"63"
"2375";"PLYMOUTH";"PL7";"63"
"2376";"PLYMOUTH";"PL8";"63"
"2377";"PLYMOUTH";"PL9";"63"
"2378";"PLYMOUTH";"PL95";"63"
"2379";"TORQUAY";"TQ1";"63"
"2380";"SOUTH BRENT";"TQ10";"63"
"2381";"BUCKFASTLEIGH";"TQ11";"63"
"2382";"NEWTON ABBOT";"TQ12";"63"
"2383";"NEWTON ABBOT";"TQ13";"63"
"2384";"TEIGNMOUTH";"TQ14";"63"
"2385";"TORQUAY";"TQ2";"63"
"2386";"PAIGNTON";"TQ3";"63"
"2387";"PAIGNTON";"TQ4";"63"
"2388";"BRIXHAM";"TQ5";"63"
"2389";"DARTMOUTH";"TQ6";"63"
"2390";"KINGSBRIDGE";"TQ7";"63"
"2391";"SALCOMBE";"TQ8";"63"
"2392";"TOTNES";"TQ9";"63"
"2393";"BOURNEMOUTH";"BH1";"64"
"2394";"BOURNEMOUTH";"BH10";"64"
"2395";"BOURNEMOUTH";"BH11";"64"
"2396";"POOLE";"BH12";"64"
"2397";"POOLE";"BH13";"64"
"2398";"POOLE";"BH14";"64"
"2399";"POOLE";"BH15";"64"
"2400";"POOLE";"BH16";"64"
"2401";"POOLE";"BH17";"64"
"2402";"BROADSTONE";"BH18";"64"
"2403";"SWANAGE";"BH19";"64"
"2404";"BOURNEMOUTH";"BH2";"64"
"2405";"WAREHAM";"BH20";"64"
"2406";"WIMBORNE";"BH21";"64"
"2407";"FERNDOWN";"BH22";"64"
"2408";"CHRISTCHURCH";"BH23";"64"
"2409";"BOURNEMOUTH";"BH3";"64"
"2410";"VERWOOD";"BH31";"64"
"2411";"BOURNEMOUTH";"BH4";"64"
"2412";"BOURNEMOUTH";"BH5";"64"
"2413";"BOURNEMOUTH";"BH6";"64"
"2414";"BOURNEMOUTH";"BH8";"64"
"2415";"BOURNEMOUTH";"BH9";"64"
"2416";"DORCHESTER";"DT1";"64"
"2417";"STURMINSTER NEWTON";"DT10";"64"
"2418";"BLANDFORD FORUM";"DT11";"64"
"2419";"DORCHESTER";"DT2";"64"
"2420";"WEYMOUTH";"DT3";"64"
"2421";"WEYMOUTH";"DT4";"64"
"2422";"PORTLAND";"DT5";"64"
"2423";"BRIDPORT";"DT6";"64"
"2424";"LYME REGIS";"DT7";"64"
"2425";"BEAMINSTER";"DT8";"64"
"2426";"SHERBORNE";"DT9";"64"
"2427";"SHAFTESBURY";"SP7";"64"
"2428";"GILLINGHAM";"SP8";"64"
"2429";"GLOUCESTER";"GL1";"65"
"2430";"STONEHOUSE";"GL10";"65"
"2431";"DURSLEY";"GL11";"65"
"2432";"WOTTON-UNDER-EDGE";"GL12";"65"
"2433";"BERKELEY";"GL13";"65"
"2434";"CINDERFORD";"GL14";"65"
"2435";"NEWNHAM";"GL14";"65"
"2436";"WESTBURY-ON-SEVERN";"GL14";"65"
"2437";"BLAKENEY";"GL15";"65"
"2438";"LYDNEY";"GL15";"65"
"2439";"COLEFORD";"GL16";"65"
"2440";"DRYBROOK";"GL17";"65"
"2441";"LONGHOPE";"GL17";"65"
"2442";"LYDBROOK";"GL17";"65"
"2443";"MITCHELDEAN";"GL17";"65"
"2444";"RUARDEAN";"GL17";"65"
"2445";"DYMOCK";"GL18";"65"
"2446";"NEWENT";"GL18";"65"
"2447";"GLOUCESTER";"GL19";"65"
"2448";"GLOUCESTER";"GL2";"65"
"2449";"TEWKESBURY";"GL20";"65"
"2450";"GLOUCESTER";"GL3";"65"
"2451";"GLOUCESTER";"GL4";"65"
"2452";"STROUD";"GL5";"65"
"2453";"CHELTENHAM";"GL50";"65"
"2454";"CHELTENHAM";"GL51";"65"
"2455";"CHELTENHAM";"GL52";"65"
"2456";"CHELTENHAM";"GL53";"65"
"2457";"CHELTENHAM";"GL54";"65"
"2458";"CHIPPING CAMPDEN";"GL55";"65"
"2459";"MORETON-IN-MARSH";"GL56";"65"
"2460";"STROUD";"GL6";"65"
"2461";"CIRENCESTER";"GL7";"65"
"2462";"FAIRFORD";"GL7";"65"
"2463";"LECHLADE";"GL7";"65"
"2464";"TETBURY";"GL8";"65"
"2465";"ISLES OF SCILLY";"TR21";"66"
"2466";"ISLES OF SCILLY";"TR22";"66"
"2467";"ISLES OF SCILLY";"TR23";"66"
"2468";"ISLES OF SCILLY";"TR24";"66"
"2469";"ISLES OF SCILLY";"TR25";"66"
"2470";"BATH";"BA1";"67"
"2471";"BRUTON";"BA10";"67"
"2472";"FROME";"BA11";"67"
"2473";"STREET";"BA16";"67"
"2474";"BATH";"BA2";"67"
"2475";"YEOVIL";"BA20";"67"
"2476";"YEOVIL";"BA21";"67"
"2477";"YEOVIL";"BA22";"67"
"2478";"BATH";"BA3";"67"
"2479";"WELLS";"BA5";"67"
"2480";"GLASTONBURY";"BA6";"67"
"2481";"CASTLE CARY";"BA7";"67"
"2482";"TEMPLECOMBE";"BA8";"67"
"2483";"WINCANTON";"BA9";"67"
"2484";"BRISTOL";"BS1";"67"
"2485";"BRISTOL";"BS10";"67"
"2486";"BRISTOL";"BS13";"67"
"2487";"BRISTOL";"BS14";"67"
"2488";"BRISTOL";"BS15";"67"
"2489";"BRISTOL";"BS16";"67"
"2490";"BRISTOL";"BS2";"67"
"2491";"BRISTOL";"BS20";"67"
"2492";"CLEVEDON";"BS21";"67"
"2493";"WESTON-SUPER-MARE";"BS22";"67"
"2494";"WESTON-SUPER-MARE";"BS23";"67"
"2495";"WESTON-SUPER-MARE";"BS24";"67"
"2496";"WINSCOMBE";"BS25";"67"
"2497";"AXBRIDGE";"BS26";"67"
"2498";"CHEDDAR";"BS27";"67"
"2499";"WEDMORE";"BS28";"67"
"2500";"BANWELL";"BS29";"67"
"2501";"BRISTOL";"BS3";"67"
"2502";"BRISTOL";"BS30";"67"
"2503";"BRISTOL";"BS31";"67"
"2504";"BRISTOL";"BS32";"67"
"2505";"BRISTOL";"BS34";"67"
"2506";"BRISTOL";"BS35";"67"
"2507";"BRISTOL";"BS36";"67"
"2508";"BRISTOL";"BS37";"67"
"2509";"BRISTOL";"BS39";"67"
"2510";"BRISTOL";"BS4";"67"
"2511";"BRISTOL";"BS40";"67"
"2512";"BRISTOL";"BS41";"67"
"2513";"BRISTOL";"BS48";"67"
"2514";"BRISTOL";"BS49";"67"
"2515";"BRISTOL";"BS5";"67"
"2516";"BRISTOL";"BS6";"67"
"2517";"BRISTOL";"BS7";"67"
"2518";"BRISTOL";"BS8";"67"
"2519";"BRISTOL";"BS9";"67"
"2520";"BRISTOL";"BS98";"67"
"2521";"BRISTOL";"BS99";"67"
"2522";"BADMINTON";"GL9";"67"
"2523";"TAUNTON";"TA1";"67"
"2524";"LANGPORT";"TA10";"67"
"2525";"SOMERTON";"TA11";"67"
"2526";"MARTOCK";"TA12";"67"
"2527";"SOUTH PETHERTON";"TA13";"67"
"2528";"STOKE-SUB-HAMDON";"TA14";"67"
"2529";"MONTACUTE";"TA15";"67"
"2530";"MERRIOTT";"TA16";"67"
"2531";"HINTON ST GEORGE";"TA17";"67"
"2532";"CREWKERNE";"TA18";"67"
"2533";"ILMINSTER";"TA19";"67"
"2534";"TAUNTON";"TA2";"67"
"2535";"CHARD";"TA20";"67"
"2536";"WELLINGTON";"TA21";"67"
"2537";"DULVERTON";"TA22";"67"
"2538";"WATCHET";"TA23";"67"
"2539";"MINEHEAD";"TA24";"67"
"2540";"TAUNTON";"TA3";"67"
"2541";"TAUNTON";"TA4";"67"
"2542";"BRIDGWATER";"TA5";"67"
"2543";"BRIDGWATER";"TA6";"67"
"2544";"BRIDGWATER";"TA7";"67"
"2545";"BURNHAM-ON-SEA";"TA8";"67"
"2546";"HIGHBRIDGE";"TA9";"67"
"2547";"WARMINSTER";"BA12";"68"
"2548";"WESTBURY";"BA13";"68"
"2549";"TROWBRIDGE";"BA14";"68"
"2550";"BRADFORD-ON-AVON";"BA15";"68"
"2551";"SWINDON";"SN1";"68"
"2552";"DEVIZES";"SN10";"68"
"2553";"CALNE";"SN11";"68"
"2554";"MELKSHAM";"SN12";"68"
"2555";"CORSHAM";"SN13";"68"
"2556";"CHIPPENHAM";"SN14";"68"
"2557";"CHIPPENHAM";"SN15";"68"
"2558";"MALMESBURY";"SN16";"68"
"2559";"SWINDON";"SN2";"68"
"2560";"SWINDON";"SN25";"68"
"2561";"SWINDON";"SN26";"68"
"2562";"SWINDON";"SN3";"68"
"2563";"SWINDON";"SN38";"68"
"2564";"SWINDON";"SN4";"68"
"2565";"SWINDON";"SN5";"68"
"2566";"SWINDON";"SN6";"68"
"2567";"MARLBOROUGH";"SN8";"68"
"2568";"PEWSEY";"SN9";"68"
"2569";"SWINDON";"SN99";"68"
"2570";"SALISBURY";"SP1";"68"
"2571";"SALISBURY";"SP2";"68"
"2572";"SALISBURY";"SP3";"68"
"2573";"SALISBURY";"SP4";"68"
"2574";"SALISBURY";"SP5";"68"
"2575";"DEESIDE";"CH5";"69"
"2576";"BAGILLT";"CH6";"69"
"2577";"FLINT";"CH6";"69"
"2578";"BUCKLEY";"CH7";"69"
"2579";"MOLD";"CH7";"69"
"2580";"HOLYWELL";"CH8";"69"
"2581";"WREXHAM";"LL11";"69"
"2582";"WREXHAM";"LL12";"69"
"2583";"WREXHAM";"LL13";"69"
"2584";"WREXHAM";"LL14";"69"
"2585";"RUTHIN";"LL15";"69"
"2586";"DENBIGH";"LL16";"69"
"2587";"ST ASAPH";"LL17";"69"
"2588";"RHYL";"LL18";"69"
"2589";"PRESTATYN";"LL19";"69"
"2590";"LLANGOLLEN";"LL20";"69"
"2591";"CORWEN";"LL21";"69"
"2592";"ABERGELE";"LL22";"69"
"2593";"COLWYN BAY";"LL28";"69"
"2594";"COLWYN BAY";"LL29";"69"
"2595";"LLANELLI";"SA14";"70"
"2596";"LLANELLI";"SA15";"70"
"2597";"BURRY PORT";"SA16";"70"
"2598";"FERRYSIDE";"SA17";"70"
"2599";"KIDWELLY";"SA17";"70"
"2600";"AMMANFORD";"SA18";"70"
"2601";"LLANDEILO";"SA19";"70"
"2602";"LLANGADOG";"SA19";"70"
"2603";"LLANWRDA";"SA19";"70"
"2604";"LLANDOVERY";"SA20";"70"
"2605";"CARMARTHEN";"SA31";"70"
"2606";"CARMARTHEN";"SA32";"70"
"2607";"CARMARTHEN";"SA33";"70"
"2608";"WHITLAND";"SA34";"70"
"2609";"LLANFYRNACH";"SA35";"70"
"2610";"GLOGUE";"SA36";"70"
"2611";"BONCATH";"SA37";"70"
"2612";"NEWCASTLE EMLYN";"SA38";"70"
"2613";"PENCADER";"SA39";"70"
"2614";"LLANYBYDDER";"SA40";"70"
"2615";"CRYMYCH";"SA41";"70"
"2616";"NEWPORT";"SA42";"70"
"2617";"CARDIGAN";"SA43";"70"
"2618";"LLANDYSUL";"SA44";"70"
"2619";"NEW QUAY";"SA45";"70"
"2620";"ABERAERON";"SA46";"70"
"2621";"LLANARTH";"SA47";"70"
"2622";"LAMPETER";"SA48";"70"
"2623";"HAVERFORDWEST";"SA61";"70"
"2624";"HAVERFORDWEST";"SA62";"70"
"2625";"CLARBESTON ROAD";"SA63";"70"
"2626";"GOODWICK";"SA64";"70"
"2627";"FISHGUARD";"SA65";"70"
"2628";"CLYNDERWEN";"SA66";"70"
"2629";"NARBERTH";"SA67";"70"
"2630";"KILGETTY";"SA68";"70"
"2631";"SAUNDERSFOOT";"SA69";"70"
"2632";"TENBY";"SA70";"70"
"2633";"PEMBROKE";"SA71";"70"
"2634";"PEMBROKE DOCK";"SA72";"70"
"2635";"MILFORD HAVEN";"SA73";"70"
"2636";"ABERYSTWYTH";"SY23";"70"
"2637";"LLANON";"SY23";"70"
"2638";"LLANRHYSTUD";"SY23";"70"
"2639";"BORTH";"SY24";"70"
"2640";"BOW STREET";"SY24";"70"
"2641";"TALYBONT";"SY24";"70"
"2642";"TREGARON";"SY25";"70"
"2643";"YSTRAD MEURIG";"SY25";"70"
"2644";"NEWPORT";"NP10";"71"
"2645";"NEWPORT";"NP11";"71"
"2646";"BLACKWOOD";"NP12";"71"
"2647";"ABERTILLERY";"NP13";"71"
"2648";"USK";"NP15";"71"
"2649";"CHEPSTOW";"NP16";"71"
"2650";"NEWPORT";"NP18";"71"
"2651";"NEWPORT";"NP19";"71"
"2652";"NEWPORT";"NP20";"71"
"2653";"TREDEGAR";"NP22";"71"
"2654";"EBBW VALE";"NP23";"71"
"2655";"NEW TREDEGAR";"NP24";"71"
"2656";"MONMOUTH";"NP25";"71"
"2657";"CALDICOT";"NP26";"71"
"2658";"PONTYPOOL";"NP4";"71"
"2659";"CWMBRAN";"NP44";"71"
"2660";"ABERGAVENNY";"NP7";"71"
"2661";"BALA";"LL23";"72"
"2662";"BETWS-Y-COED";"LL24";"72"
"2663";"DOLWYDDELAN";"LL25";"72"
"2664";"LLANRWST";"LL26";"72"
"2665";"TREFRIW";"LL27";"72"
"2666";"LLANDUDNO";"LL30";"72"
"2667";"CONWY";"LL31";"72"
"2668";"LLANDUDNO JUNCTION";"LL31";"72"
"2669";"CONWY";"LL32";"72"
"2670";"LLANFAIRFECHAN";"LL33";"72"
"2671";"PENMAENMAWR";"LL34";"72"
"2672";"ABERDOVEY";"LL35";"72"
"2673";"TYWYN";"LL36";"72"
"2674";"LLWYNGWRIL";"LL37";"72"
"2675";"FAIRBOURNE";"LL38";"72"
"2676";"ARTHOG";"LL39";"72"
"2677";"DOLGELLAU";"LL40";"72"
"2678";"BLAENAU FFESTINIOG";"LL41";"72"
"2679";"BARMOUTH";"LL42";"72"
"2680";"TALYBONT";"LL43";"72"
"2681";"DYFFRYN ARDUDWY";"LL44";"72"
"2682";"LLANBEDR";"LL45";"72"
"2683";"HARLECH";"LL46";"72"
"2684";"TALSARNAU";"LL47";"72"
"2685";"PENRHYNDEUDRAETH";"LL48";"72"
"2686";"PORTHMADOG";"LL49";"72"
"2687";"GARNDOLBENMAEN";"LL51";"72"
"2688";"CRICCIETH";"LL52";"72"
"2689";"PWLLHELI";"LL53";"72"
"2690";"CAERNARFON";"LL54";"72"
"2691";"CAERNARFON";"LL55";"72"
"2692";"Y FELINHELI";"LL56";"72"
"2693";"BANGOR";"LL57";"72"
"2694";"BEAUMARIS";"LL58";"72"
"2695";"MENAI BRIDGE";"LL59";"72"
"2696";"GAERWEN";"LL60";"72"
"2697";"LLANFAIRPWLLGWYNGYLL";"LL61";"72"
"2698";"BODORGAN";"LL62";"72"
"2699";"TY CROES";"LL63";"72"
"2700";"RHOSNEIGR";"LL64";"72"
"2701";"HOLYHEAD";"LL65";"72"
"2702";"RHOSGOCH";"LL66";"72"
"2703";"CEMAES BAY";"LL67";"72"
"2704";"AMLWCH";"LL68";"72"
"2705";"PENYSARN";"LL69";"72"
"2706";"DULAS";"LL70";"72"
"2707";"LLANERCHYMEDD";"LL71";"72"
"2708";"MOELFRE";"LL72";"72"
"2709";"MARIANGLAS";"LL73";"72"
"2710";"TYN-Y-GONGL";"LL74";"72"
"2711";"PENTRAETH";"LL75";"72"
"2712";"LLANBEDRGOCH";"LL76";"72"
"2713";"LLANGEFNI";"LL77";"72"
"2714";"BRYNTEG";"LL78";"72"
"2715";"BRIDGEND";"CF31";"73"
"2716";"BRIDGEND";"CF32";"73"
"2717";"BRIDGEND";"CF33";"73"
"2718";"MAESTEG";"CF34";"73"
"2719";"BRIDGEND";"CF35";"73"
"2720";"PORTHCAWL";"CF36";"73"
"2721";"PONTYPRIDD";"CF37";"73"
"2722";"PONTYPRIDD";"CF38";"73"
"2723";"PORTH";"CF39";"73"
"2724";"TONYPANDY";"CF40";"73"
"2725";"PENTRE";"CF41";"73"
"2726";"TREORCHY";"CF42";"73"
"2727";"FERNDALE";"CF43";"73"
"2728";"ABERDARE";"CF44";"73"
"2729";"MOUNTAIN ASH";"CF45";"73"
"2730";"TREHARRIS";"CF46";"73"
"2731";"MERTHYR TYDFIL";"CF47";"73"
"2732";"MERTHYR TYDFIL";"CF48";"73"
"2733";"PONTYCLUN";"CF72";"73"
"2734";"BARGOED";"CF81";"73"
"2735";"HENGOED";"CF82";"73"
"2736";"CAERPHILLY";"CF83";"73"
"2737";"LLANDRINDOD WELLS";"LD1";"74"
"2738";"BUILTH WELLS";"LD2";"74"
"2739";"BRECON";"LD3";"74"
"2740";"LLANGAMMARCH WELLS";"LD4";"74"
"2741";"LLANWRTYD WELLS";"LD5";"74"
"2742";"RHAYADER";"LD6";"74"
"2743";"KNIGHTON";"LD7";"74"
"2744";"PRESTEIGNE";"LD8";"74"
"2745";"CRICKHOWELL";"NP8";"74"
"2746";"MONTGOMERY";"SY15";"74"
"2747";"NEWTOWN";"SY16";"74"
"2748";"CAERSWS";"SY17";"74"
"2749";"LLANDINAM";"SY17";"74"
"2750";"LLANIDLOES";"SY18";"74"
"2751";"LLANBRYNMAIR";"SY19";"74"
"2752";"MACHYNLLETH";"SY20";"74"
"2753";"WELSHPOOL";"SY21";"74"
"2754";"LLANFECHAIN";"SY22";"74"
"2755";"LLANFYLLIN";"SY22";"74"
"2756";"LLANSANTFFRAID";"SY22";"74"
"2757";"LLANYMYNECH";"SY22";"74"
"2758";"MEIFOD";"SY22";"74"
"2759";"CARDIFF";"CF10";"75"
"2760";"CARDIFF";"CF11";"75"
"2761";"CARDIFF";"CF14";"75"
"2762";"CARDIFF";"CF15";"75"
"2763";"CARDIFF";"CF23";"75"
"2764";"CARDIFF";"CF24";"75"
"2765";"CARDIFF";"CF3";"75"
"2766";"CARDIFF";"CF5";"75"
"2767";"LLANTWIT MAJOR";"CF61";"75"
"2768";"BARRY";"CF62";"75"
"2769";"BARRY";"CF63";"75"
"2770";"DINAS POWYS";"CF64";"75"
"2771";"PENARTH";"CF64";"75"
"2772";"COWBRIDGE";"CF71";"75"
"2773";"CARDIFF";"CF95";"75"
"2774";"CARDIFF";"CF99";"75"
"2775";"SWANSEA";"SA1";"76"
"2776";"NEATH";"SA10";"76"
"2777";"NEATH";"SA11";"76"
"2778";"PORT TALBOT";"SA12";"76"
"2779";"PORT TALBOT";"SA13";"76"
"2780";"SWANSEA";"SA2";"76"
"2781";"SWANSEA";"SA3";"76"
"2782";"SWANSEA";"SA4";"76"
"2783";"SWANSEA";"SA5";"76"
"2784";"SWANSEA";"SA6";"76"
"2785";"SWANSEA";"SA7";"76"
"2786";"SWANSEA";"SA8";"76"
"2787";"SWANSEA";"SA9";"76"
"2788";"SWANSEA";"SA99";"76"
"2789";"GOOLE";"DN14";"77"
"2790";"HULL";"HU1";"77"
"2791";"HULL";"HU10";"77"
"2792";"HULL";"HU11";"77"
"2793";"HULL";"HU12";"77"
"2794";"HESSLE";"HU13";"77"
"2795";"NORTH FERRIBY";"HU14";"77"
"2796";"BROUGH";"HU15";"77"
"2797";"COTTINGHAM";"HU16";"77"
"2798";"BEVERLEY";"HU17";"77"
"2799";"HORNSEA";"HU18";"77"
"2800";"WITHERNSEA";"HU19";"77"
"2801";"HULL";"HU2";"77"
"2802";"COTTINGHAM";"HU20";"77"
"2803";"HULL";"HU3";"77"
"2804";"HULL";"HU4";"77"
"2805";"HULL";"HU5";"77"
"2806";"HULL";"HU6";"77"
"2807";"HULL";"HU7";"77"
"2808";"HULL";"HU8";"77"
"2809";"HULL";"HU9";"77"
"2810";"BRIDLINGTON";"YO15";"77"
"2811";"BRIDLINGTON";"YO16";"77"
"2812";"DRIFFIELD";"YO25";"77"
"2813";"SKIPTON";"BD23";"78"
"2814";"SETTLE";"BD24";"78"
"2815";"RICHMOND";"DL10";"78"
"2816";"RICHMOND";"DL11";"78"
"2817";"NORTHALLERTON";"DL6";"78"
"2818";"NORTHALLERTON";"DL7";"78"
"2819";"BEDALE";"DL8";"78"
"2820";"HAWES";"DL8";"78"
"2821";"LEYBURN";"DL8";"78"
"2822";"CATTERICK GARRISON";"DL9";"78"
"2823";"HARROGATE";"HG1";"78"
"2824";"HARROGATE";"HG2";"78"
"2825";"HARROGATE";"HG3";"78"
"2826";"RIPON";"HG4";"78"
"2827";"KNARESBOROUGH";"HG5";"78"
"2828";"TADCASTER";"LS24";"78"
"2829";"YORK";"YO1";"78"
"2830";"YORK";"YO10";"78"
"2831";"SCARBOROUGH";"YO11";"78"
"2832";"SCARBOROUGH";"YO12";"78"
"2833";"SCARBOROUGH";"YO13";"78"
"2834";"FILEY";"YO14";"78"
"2835";"MALTON";"YO17";"78"
"2836";"PICKERING";"YO18";"78"
"2837";"YORK";"YO19";"78"
"2838";"WHITBY";"YO21";"78"
"2839";"WHITBY";"YO22";"78"
"2840";"YORK";"YO23";"78"
"2841";"YORK";"YO24";"78"
"2842";"YORK";"YO26";"78"
"2843";"YORK";"YO30";"78"
"2844";"YORK";"YO31";"78"
"2845";"YORK";"YO32";"78"
"2846";"YORK";"YO41";"78"
"2847";"YORK";"YO42";"78"
"2848";"YORK";"YO43";"78"
"2849";"YORK";"YO51";"78"
"2850";"YORK";"YO60";"78"
"2851";"YORK";"YO61";"78"
"2852";"YORK";"YO62";"78"
"2853";"THIRSK";"YO7";"78"
"2854";"SELBY";"YO8";"78"
"2855";"YORK";"YO90";"78"
"2856";"YORK";"YO91";"78"
"2857";"YORK";"YO95";"78"
"2858";"DONCASTER";"DN1";"79"
"2859";"DONCASTER";"DN10";"79"
"2860";"DONCASTER";"DN11";"79"
"2861";"DONCASTER";"DN12";"79"
"2862";"DONCASTER";"DN2";"79"
"2863";"DONCASTER";"DN3";"79"
"2864";"DONCASTER";"DN4";"79"
"2865";"DONCASTER";"DN5";"79"
"2866";"DONCASTER";"DN55";"79"
"2867";"DONCASTER";"DN6";"79"
"2868";"DONCASTER";"DN7";"79"
"2869";"DONCASTER";"DN8";"79"
"2870";"DONCASTER";"DN9";"79"
"2871";"SHEFFIELD";"S1";"79"
"2872";"SHEFFIELD";"S10";"79"
"2873";"SHEFFIELD";"S11";"79"
"2874";"SHEFFIELD";"S12";"79"
"2875";"SHEFFIELD";"S13";"79"
"2876";"SHEFFIELD";"S14";"79"
"2877";"SHEFFIELD";"S17";"79"
"2878";"SHEFFIELD";"S2";"79"
"2879";"SHEFFIELD";"S20";"79"
"2880";"SHEFFIELD";"S21";"79"
"2881";"SHEFFIELD";"S25";"79"
"2882";"SHEFFIELD";"S26";"79"
"2883";"SHEFFIELD";"S3";"79"
"2884";"SHEFFIELD";"S35";"79"
"2885";"SHEFFIELD";"S36";"79"
"2886";"SHEFFIELD";"S4";"79"
"2887";"SHEFFIELD";"S5";"79"
"2888";"SHEFFIELD";"S6";"79"
"2889";"ROTHERHAM";"S60";"79"
"2890";"ROTHERHAM";"S61";"79"
"2891";"ROTHERHAM";"S62";"79"
"2892";"ROTHERHAM";"S63";"79"
"2893";"MEXBOROUGH";"S64";"79"
"2894";"ROTHERHAM";"S65";"79"
"2895";"ROTHERHAM";"S66";"79"
"2896";"SHEFFIELD";"S7";"79"
"2897";"BARNSLEY";"S70";"79"
"2898";"BARNSLEY";"S71";"79"
"2899";"BARNSLEY";"S72";"79"
"2900";"BARNSLEY";"S73";"79"
"2901";"BARNSLEY";"S74";"79"
"2902";"BARNSLEY";"S75";"79"
"2903";"SHEFFIELD";"S8";"79"
"2904";"SHEFFIELD";"S9";"79"
"2905";"SHEFFIELD";"S96";"79"
"2906";"SHEFFIELD";"S98";"79"
"2907";"BRADFORD";"BD1";"80"
"2908";"BRADFORD";"BD10";"80"
"2909";"BRADFORD";"BD11";"80"
"2910";"BRADFORD";"BD12";"80"
"2911";"BRADFORD";"BD13";"80"
"2912";"BRADFORD";"BD14";"80"
"2913";"BRADFORD";"BD15";"80"
"2914";"BINGLEY";"BD16";"80"
"2915";"SHIPLEY";"BD17";"80"
"2916";"SHIPLEY";"BD18";"80"
"2917";"CLECKHEATON";"BD19";"80"
"2918";"BRADFORD";"BD2";"80"
"2919";"KEIGHLEY";"BD20";"80"
"2920";"KEIGHLEY";"BD21";"80"
"2921";"KEIGHLEY";"BD22";"80"
"2922";"BRADFORD";"BD3";"80"
"2923";"BRADFORD";"BD4";"80"
"2924";"BRADFORD";"BD5";"80"
"2925";"BRADFORD";"BD7";"80"
"2926";"BRADFORD";"BD8";"80"
"2927";"BRADFORD";"BD9";"80"
"2928";"BINGLEY";"BD97";"80"
"2929";"SHIPLEY";"BD98";"80"
"2930";"BRADFORD";"BD99";"80"
"2931";"HUDDERSFIELD";"HD1";"80"
"2932";"HUDDERSFIELD";"HD2";"80"
"2933";"HUDDERSFIELD";"HD3";"80"
"2934";"HUDDERSFIELD";"HD4";"80"
"2935";"HUDDERSFIELD";"HD5";"80"
"2936";"BRIGHOUSE";"HD6";"80"
"2937";"HUDDERSFIELD";"HD7";"80"
"2938";"HUDDERSFIELD";"HD8";"80"
"2939";"HALIFAX";"HX1";"80"
"2940";"HALIFAX";"HX2";"80"
"2941";"HALIFAX";"HX3";"80"
"2942";"HALIFAX";"HX4";"80"
"2943";"ELLAND";"HX5";"80"
"2944";"SOWERBY BRIDGE";"HX6";"80"
"2945";"HEBDEN BRIDGE";"HX7";"80"
"2946";"LEEDS";"LS1";"80"
"2947";"LEEDS";"LS10";"80"
"2948";"LEEDS";"LS11";"80"
"2949";"LEEDS";"LS12";"80"
"2950";"LEEDS";"LS13";"80"
"2951";"LEEDS";"LS14";"80"
"2952";"LEEDS";"LS15";"80"
"2953";"LEEDS";"LS16";"80"
"2954";"LEEDS";"LS17";"80"
"2955";"LEEDS";"LS18";"80"
"2956";"LEEDS";"LS19";"80"
"2957";"LEEDS";"LS2";"80"
"2958";"LEEDS";"LS20";"80"
"2959";"OTLEY";"LS21";"80"
"2960";"WETHERBY";"LS22";"80"
"2961";"WETHERBY";"LS23";"80"
"2962";"LEEDS";"LS25";"80"
"2963";"LEEDS";"LS26";"80"
"2964";"LEEDS";"LS27";"80"
"2965";"PUDSEY";"LS28";"80"
"2966";"ILKLEY";"LS29";"80"
"2967";"LEEDS";"LS3";"80"
"2968";"LEEDS";"LS4";"80"
"2969";"LEEDS";"LS5";"80"
"2970";"LEEDS";"LS6";"80"
"2971";"LEEDS";"LS7";"80"
"2972";"LEEDS";"LS8";"80"
"2973";"LEEDS";"LS9";"80"
"2974";"LEEDS";"LS98";"80"
"2975";"LEEDS";"LS99";"80"
"2976";"WAKEFIELD";"WF1";"80"
"2977";"CASTLEFORD";"WF10";"80"
"2978";"KNOTTINGLEY";"WF11";"80"
"2979";"DEWSBURY";"WF12";"80"
"2980";"DEWSBURY";"WF13";"80"
"2981";"MIRFIELD";"WF14";"80"
"2982";"LIVERSEDGE";"WF15";"80"
"2983";"HECKMONDWIKE";"WF16";"80"
"2984";"BATLEY";"WF17";"80"
"2985";"WAKEFIELD";"WF2";"80"
"2986";"WAKEFIELD";"WF3";"80"
"2987";"WAKEFIELD";"WF4";"80"
"2988";"OSSETT";"WF5";"80"
"2989";"NORMANTON";"WF6";"80"
"2990";"PONTEFRACT";"WF7";"80"
"2991";"PONTEFRACT";"WF8";"80"
"2992";"PONTEFRACT";"WF9";"80"
